SOL,TIMESTAMP,LMST,LTST,AMBIENT_TEMP,PRESSURE,HORIZONTAL_WIND_SPEED,VERTICAL_WIND_SPEED,WIND_DIRECTION,WS_CONFIDENCE_LEVEL,PRESSURE_UNCERTAINTY,VOLUME_MIXING_RATIO,LOCAL_RELATIVE_HUMIDITY
2708,637847629,"02708M00:01:06.999","02708 00:38:44",212.49,733.69,,,,"     ",6.60,,
2708,637847630,"02708M00:01:07.972","02708 00:38:45",212.47,733.63,,,,"     ",6.60,117.36,10.53
2708,637847631,"02708M00:01:08.945","02708 00:38:46",212.45,733.66,,,,"     ",6.60,117.56,10.52
2708,637847632,"02708M00:01:09.919","02708 00:38:47",212.43,733.64,,,,"     ",6.60,117.75,10.50
2708,637847633,"02708M00:01:10.892","02708 00:38:48",212.42,733.59,,,,"     ",6.60,118.39,10.53
2708,637847634,"02708M00:01:11.865","02708 00:38:49",212.42,733.58,,,,"     ",6.60,118.37,10.50
2708,637847635,"02708M00:01:12.838","02708 00:38:50",212.41,733.64,,,,"     ",6.60,118.29,10.47
2708,637847636,"02708M00:01:13.812","02708 00:38:51",212.41,733.64,,,,"     ",6.60,118.66,10.48
2708,637847637,"02708M00:01:14.785","02708 00:38:52",212.42,733.70,,,,"     ",6.60,118.52,10.44
2708,637847638,"02708M00:01:15.758","02708 00:38:53",212.43,733.56,,,,"     ",6.60,118.40,10.39
2708,637847639,"02708M00:01:16.731","02708 00:38:54",212.44,733.56,,,,"     ",6.60,119.00,10.42
2708,637847640,"02708M00:01:17.705","02708 00:38:55",212.46,733.59,,,,"     ",6.60,119.12,10.41
2708,637847641,"02708M00:01:18.678","02708 00:38:56",212.48,733.69,,,,"     ",6.60,119.73,10.44
2708,637847642,"02708M00:01:19.651","02708 00:38:57",212.50,733.56,,,,"     ",6.60,119.36,10.38
2708,637847643,"02708M00:01:20.624","02708 00:38:58",212.53,733.48,,,,"     ",6.60,119.49,10.37
2708,637847644,"02708M00:01:21.598","02708 00:38:59",212.58,733.53,,,,"     ",6.60,119.77,10.37
2708,637847645,"02708M00:01:22.571","02708 00:39:00",212.62,733.50,,,,"     ",6.60,120.32,10.39
2708,637847646,"02708M00:01:23.544","02708 00:39:01",212.67,733.44,,,,"     ",6.60,120.30,10.37
2708,637847647,"02708M00:01:24.517","02708 00:39:02",212.72,733.48,,,,"     ",6.60,120.23,10.34
2708,637847648,"02708M00:01:25.491","02708 00:39:03",212.75,733.47,,,,"     ",6.60,120.38,10.33
2708,637847649,"02708M00:01:26.464","02708 00:39:04",212.77,733.44,,,,"     ",6.60,121.11,10.38
2708,637847650,"02708M00:01:27.437","02708 00:39:05",212.77,733.48,,,,"     ",6.60,120.90,10.33
2708,637847651,"02708M00:01:28.410","02708 00:39:06",212.76,733.38,,,,"     ",6.60,122.14,10.42
2708,637847652,"02708M00:01:29.384","02708 00:39:06",212.72,733.39,,,,"     ",6.60,120.89,10.29
2708,637847653,"02708M00:01:30.357","02708 00:39:07",212.70,733.42,,,,"     ",6.60,120.92,10.27
2708,637847654,"02708M00:01:31.330","02708 00:39:08",212.68,733.46,,,,"     ",6.60,121.46,10.30
2708,637847655,"02708M00:01:32.303","02708 00:39:09",212.66,733.40,,,,"     ",6.60,120.97,10.24
2708,637847656,"02708M00:01:33.277","02708 00:39:10",212.65,733.37,,,,"     ",6.60,121.47,10.26
2708,637847657,"02708M00:01:34.250","02708 00:39:11",212.63,733.45,,,,"     ",6.60,121.64,10.26
2708,637847658,"02708M00:01:35.223","02708 00:39:12",212.62,733.44,,,,"     ",6.60,121.91,10.26
2708,637847659,"02708M00:01:36.196","02708 00:39:13",212.61,733.50,,,,"     ",6.60,121.91,10.25
2708,637847660,"02708M00:01:37.170","02708 00:39:14",212.60,733.39,,,,"     ",6.60,121.61,10.20
2708,637847661,"02708M00:01:38.143","02708 00:39:15",212.59,733.46,,,,"     ",6.60,121.83,10.20
2708,637847662,"02708M00:01:39.116","02708 00:39:16",212.58,733.44,,,,"     ",6.60,122.28,10.22
2708,637847663,"02708M00:01:40.089","02708 00:39:17",212.57,733.47,,,,"     ",6.60,122.25,10.20
2708,637847664,"02708M00:01:41.063","02708 00:39:18",212.57,733.42,,,,"     ",6.60,122.01,10.17
2708,637847665,"02708M00:01:42.036","02708 00:39:19",212.57,733.50,,,,"     ",6.60,122.27,10.17
2708,637851333,"02708M01:01:11.930","02708 01:38:49",210.59,735.89,,,,"     ",6.60,,
2708,637851334,"02708M01:01:12.903","02708 01:38:50",210.59,735.86,,,,"     ",6.60,115.98,13.00
2708,637851335,"02708M01:01:13.877","02708 01:38:51",210.60,735.88,,,,"     ",6.60,116.27,13.00
2708,637851336,"02708M01:01:14.850","02708 01:38:52",210.60,735.88,,,,"     ",6.60,116.55,13.00
2708,637851337,"02708M01:01:15.823","02708 01:38:53",210.59,735.87,,,,"     ",6.60,116.26,12.93
2708,637851338,"02708M01:01:16.796","02708 01:38:54",210.59,735.84,,,,"     ",6.60,116.79,12.96
2708,637851339,"02708M01:01:17.770","02708 01:38:55",210.58,735.74,,,,"     ",6.60,116.97,12.94
2708,637851340,"02708M01:01:18.743","02708 01:38:56",210.57,735.75,,,,"     ",6.60,117.04,12.92
2708,637851341,"02708M01:01:19.716","02708 01:38:57",210.55,735.87,,,,"     ",6.60,117.34,12.93
2708,637851342,"02708M01:01:20.689","02708 01:38:58",210.54,735.83,,,,"     ",6.60,117.47,12.90
2708,637851343,"02708M01:01:21.663","02708 01:38:59",210.52,735.73,,,,"     ",6.60,117.81,12.91
2708,637851344,"02708M01:01:22.636","02708 01:39:00",210.50,735.73,,,,"     ",6.60,118.75,12.98
2708,637851345,"02708M01:01:23.609","02708 01:39:01",210.48,735.67,,,,"     ",6.60,118.05,12.87
2708,637851346,"02708M01:01:24.582","02708 01:39:02",210.45,735.74,,,,"     ",6.60,118.35,12.88
2708,637851347,"02708M01:01:25.556","02708 01:39:03",210.41,735.69,,,,"     ",6.60,118.71,12.89
2708,637851348,"02708M01:01:26.529","02708 01:39:04",210.39,735.67,,,,"     ",6.60,118.54,12.84
2708,637851349,"02708M01:01:27.502","02708 01:39:05",210.36,735.78,,,,"     ",6.60,118.88,12.86
2708,637851350,"02708M01:01:28.475","02708 01:39:06",210.35,735.71,,,,"     ",6.60,118.94,12.84
2708,637851351,"02708M01:01:29.449","02708 01:39:07",210.34,735.74,,,,"     ",6.60,118.60,12.77
2708,637851352,"02708M01:01:30.422","02708 01:39:08",210.34,735.70,,,,"     ",6.60,118.94,12.78
2708,637851353,"02708M01:01:31.395","02708 01:39:09",210.36,735.74,,,,"     ",6.60,118.86,12.75
2708,637851354,"02708M01:01:32.368","02708 01:39:10",210.38,735.73,,,,"     ",6.60,119.34,12.78
2708,637851355,"02708M01:01:33.342","02708 01:39:11",210.42,735.76,,,,"     ",6.60,119.86,12.81
2708,637851356,"02708M01:01:34.315","02708 01:39:12",210.46,735.76,,,,"     ",6.60,119.73,12.77
2708,637851357,"02708M01:01:35.288","02708 01:39:13",210.49,735.84,,,,"     ",6.60,119.77,12.76
2708,637851358,"02708M01:01:36.261","02708 01:39:14",210.51,735.77,,,,"     ",6.60,120.25,12.78
2708,637851359,"02708M01:01:37.235","02708 01:39:15",210.54,735.82,,,,"     ",6.60,120.74,12.81
2708,637851360,"02708M01:01:38.208","02708 01:39:16",210.55,735.74,,,,"     ",6.60,120.74,12.79
2708,637851361,"02708M01:01:39.181","02708 01:39:17",210.57,735.74,,,,"     ",6.60,120.44,12.73
2708,637851362,"02708M01:01:40.155","02708 01:39:18",210.59,735.76,,,,"     ",6.60,120.84,12.75
2708,637851363,"02708M01:01:41.128","02708 01:39:19",210.60,735.81,,,,"     ",6.60,121.05,12.76
2708,637851364,"02708M01:01:42.101","02708 01:39:19",210.61,735.89,,,,"     ",6.60,121.15,12.75
2708,637851365,"02708M01:01:43.074","02708 01:39:20",210.61,735.85,,,,"     ",6.60,121.59,12.78
2708,637851366,"02708M01:01:44.048","02708 01:39:21",210.62,735.86,,,,"     ",6.60,121.85,12.78
2708,637851367,"02708M01:01:45.021","02708 01:39:22",210.62,735.87,,,,"     ",6.60,122.19,12.79
2708,637851368,"02708M01:01:45.994","02708 01:39:23",210.62,735.94,,,,"     ",6.60,122.35,12.80
2708,637851369,"02708M01:01:46.967","02708 01:39:24",210.61,735.92,,,,"     ",6.60,123.01,12.85
2708,637855022,"02708M02:01:02.263","02708 02:38:40",208.47,739.10,,,,"     ",6.60,,
2708,637855023,"02708M02:01:03.236","02708 02:38:41",208.49,739.21,,,,"     ",6.60,115.92,16.95
2708,637855024,"02708M02:01:04.209","02708 02:38:42",208.51,739.26,,,,"     ",6.60,115.97,16.91
2708,637855025,"02708M02:01:05.183","02708 02:38:43",208.54,739.26,,,,"     ",6.60,115.69,16.82
2708,637855026,"02708M02:01:06.156","02708 02:38:44",208.56,739.27,,,,"     ",6.60,116.22,16.86
2708,637855027,"02708M02:01:07.129","02708 02:38:45",208.58,739.26,,,,"     ",6.60,116.41,16.85
2708,637855028,"02708M02:01:08.102","02708 02:38:46",208.59,739.20,,,,"     ",6.60,116.58,16.83
2708,637855029,"02708M02:01:09.076","02708 02:38:47",208.60,739.26,,,,"     ",6.60,117.32,16.90
2708,637855030,"02708M02:01:10.049","02708 02:38:48",208.60,739.28,,,,"     ",6.60,116.91,16.79
2708,637855031,"02708M02:01:11.022","02708 02:38:49",208.60,739.29,,,,"     ",6.60,116.96,16.75
2708,637855032,"02708M02:01:11.995","02708 02:38:50",208.59,739.34,,,,"     ",6.60,117.24,16.76
2708,637855033,"02708M02:01:12.969","02708 02:38:51",208.57,739.35,,,,"     ",6.60,117.48,16.76
2708,637855034,"02708M02:01:13.942","02708 02:38:52",208.55,739.31,,,,"     ",6.60,117.47,16.71
2708,637855035,"02708M02:01:14.915","02708 02:38:53",208.52,739.33,,,,"     ",6.60,117.75,16.72
2708,637855036,"02708M02:01:15.888","02708 02:38:54",208.47,739.39,,,,"     ",6.60,117.75,16.67
2708,637855037,"02708M02:01:16.862","02708 02:38:55",208.44,739.37,,,,"     ",6.60,118.03,16.68
2708,637855038,"02708M02:01:17.835","02708 02:38:56",208.41,739.27,,,,"     ",6.60,118.08,16.65
2708,637855039,"02708M02:01:18.808","02708 02:38:56",208.40,739.26,,,,"     ",6.60,118.09,16.61
2708,637855040,"02708M02:01:19.781","02708 02:38:57",208.39,739.24,,,,"     ",6.60,118.20,16.60
2708,637855041,"02708M02:01:20.755","02708 02:38:58",208.38,739.32,,,,"     ",6.60,118.31,16.58
2708,637855042,"02708M02:01:21.728","02708 02:38:59",208.39,739.19,,,,"     ",6.60,118.27,16.54
2708,637855043,"02708M02:01:22.701","02708 02:39:00",208.39,739.21,,,,"     ",6.60,118.31,16.51
2708,637855044,"02708M02:01:23.674","02708 02:39:01",208.40,739.25,,,,"     ",6.60,118.39,16.49
2708,637855045,"02708M02:01:24.648","02708 02:39:02",208.41,739.22,,,,"     ",6.60,118.86,16.53
2708,637855046,"02708M02:01:25.621","02708 02:39:03",208.43,739.17,,,,"     ",6.60,118.81,16.49
2708,637855047,"02708M02:01:26.594","02708 02:39:04",208.44,739.18,,,,"     ",6.60,118.89,16.47
2708,637855048,"02708M02:01:27.567","02708 02:39:05",208.45,739.20,,,,"     ",6.60,119.19,16.49
2708,637855049,"02708M02:01:28.541","02708 02:39:06",208.46,739.26,,,,"     ",6.60,119.10,16.44
2708,637855050,"02708M02:01:29.514","02708 02:39:07",208.47,739.34,,,,"     ",6.60,119.13,16.42
2708,637855051,"02708M02:01:30.487","02708 02:39:08",208.47,739.35,,,,"     ",6.60,119.14,16.39
2708,637855052,"02708M02:01:31.460","02708 02:39:09",208.48,739.29,,,,"     ",6.60,119.44,16.41
2708,637855053,"02708M02:01:32.434","02708 02:39:10",208.49,739.28,,,,"     ",6.60,119.31,16.36
2708,637855054,"02708M02:01:33.407","02708 02:39:11",208.50,739.26,,,,"     ",6.60,119.44,16.35
2708,637855055,"02708M02:01:34.380","02708 02:39:12",208.51,739.21,,,,"     ",6.60,119.72,16.36
2708,637855056,"02708M02:01:35.353","02708 02:39:13",208.51,739.22,,,,"     ",6.60,119.71,16.34
2708,637855057,"02708M02:01:36.327","02708 02:39:14",208.52,739.18,,,,"     ",6.60,119.53,16.28
2708,637855058,"02708M02:01:37.300","02708 02:39:15",208.53,739.14,,,,"     ",6.60,119.72,16.29
2708,637858730,"02708M03:01:11.087","02708 03:38:49",208.06,740.26,,,,"     ",6.60,,
2708,637858731,"02708M03:01:12.060","02708 03:38:50",208.09,740.25,,,,"     ",6.60,106.35,19.88
2708,637858732,"02708M03:01:13.034","02708 03:38:51",208.11,740.26,,,,"     ",6.60,106.77,19.91
2708,637858733,"02708M03:01:14.007","02708 03:38:52",208.13,740.23,,,,"     ",6.60,107.37,19.96
2708,637858734,"02708M03:01:14.980","02708 03:38:53",208.14,740.29,,,,"     ",6.60,107.28,19.89
2708,637858735,"02708M03:01:15.953","02708 03:38:54",208.15,740.36,,,,"     ",6.60,107.49,19.89
2708,637858736,"02708M03:01:16.927","02708 03:38:55",208.16,740.40,,,,"     ",6.60,107.70,19.87
2708,637858737,"02708M03:01:17.900","02708 03:38:56",208.16,740.44,,,,"     ",6.60,107.66,19.81
2708,637858738,"02708M03:01:18.873","02708 03:38:57",208.16,740.42,,,,"     ",6.60,107.80,19.79
2708,637858739,"02708M03:01:19.846","02708 03:38:58",208.15,740.44,,,,"     ",6.60,108.10,19.80
2708,637858740,"02708M03:01:20.820","02708 03:38:59",208.14,740.43,,,,"     ",6.60,108.10,19.75
2708,637858741,"02708M03:01:21.793","02708 03:39:00",208.12,740.26,,,,"     ",6.60,108.35,19.74
2708,637858742,"02708M03:01:22.766","02708 03:39:01",208.10,740.31,,,,"     ",6.60,108.28,19.68
2708,637858743,"02708M03:01:23.739","02708 03:39:02",208.07,740.34,,,,"     ",6.60,108.54,19.68
2708,637858744,"02708M03:01:24.713","02708 03:39:03",208.04,740.34,,,,"     ",6.60,108.56,19.64
2708,637858745,"02708M03:01:25.686","02708 03:39:04",208.01,740.36,,,,"     ",6.60,108.72,19.63
2708,637858746,"02708M03:01:26.659","02708 03:39:05",207.99,740.34,,,,"     ",6.60,108.99,19.64
2708,637858747,"02708M03:01:27.632","02708 03:39:06",207.97,740.37,,,,"     ",6.60,108.91,19.58
2708,637858748,"02708M03:01:28.606","02708 03:39:07",207.95,740.33,,,,"     ",6.60,109.31,19.61
2708,637858749,"02708M03:01:29.579","02708 03:39:08",207.93,740.38,,,,"     ",6.60,109.34,19.57
2708,637858750,"02708M03:01:30.552","02708 03:39:09",207.91,740.40,,,,"     ",6.60,109.45,19.55
2708,637858751,"02708M03:01:31.525","02708 03:39:09",207.90,740.30,,,,"     ",6.60,109.31,19.48
2708,637858752,"02708M03:01:32.499","02708 03:39:10",207.89,740.36,,,,"     ",6.60,109.25,19.44
2708,637858753,"02708M03:01:33.472","02708 03:39:11",207.90,740.43,,,,"     ",6.60,109.32,19.41
2708,637858754,"02708M03:01:34.445","02708 03:39:12",207.91,740.46,,,,"     ",6.60,109.43,19.40
2708,637858755,"02708M03:01:35.418","02708 03:39:13",207.93,740.48,,,,"     ",6.60,109.43,19.36
2708,637858756,"02708M03:01:36.392","02708 03:39:14",207.95,740.55,,,,"     ",6.60,109.17,19.28
2708,637858757,"02708M03:01:37.365","02708 03:39:15",207.97,740.51,,,,"     ",6.60,109.44,19.30
2708,637858758,"02708M03:01:38.338","02708 03:39:16",207.99,740.54,,,,"     ",6.60,109.53,19.27
2708,637858759,"02708M03:01:39.312","02708 03:39:17",208.02,740.54,,,,"     ",6.60,109.58,19.25
2708,637858760,"02708M03:01:40.285","02708 03:39:18",208.04,740.50,,,,"     ",6.60,109.77,19.25
2708,637858761,"02708M03:01:41.258","02708 03:39:19",208.08,740.47,,,,"     ",6.60,109.78,19.22
2708,637858762,"02708M03:01:42.231","02708 03:39:20",208.11,740.45,,,,"     ",6.60,109.90,19.21
2708,637858763,"02708M03:01:43.205","02708 03:39:21",208.15,740.44,,,,"     ",6.60,110.01,19.19
2708,637858764,"02708M03:01:44.178","02708 03:39:22",208.19,740.40,,,,"     ",6.60,110.36,19.23
2708,637858765,"02708M03:01:45.151","02708 03:39:23",208.23,740.44,,,,"     ",6.60,110.89,19.29
2708,637858766,"02708M03:01:46.124","02708 03:39:24",208.28,740.43,,,,"     ",6.60,110.28,19.16
2708,637862425,"02708M04:01:07.259","02708 04:38:46",205.53,740.53,,,,"     ",6.60,,
2708,637862426,"02708M04:01:08.233","02708 04:38:46",205.48,740.55,,,,"     ",6.60,105.57,24.54
2708,637862427,"02708M04:01:09.206","02708 04:38:47",205.44,740.49,,,,"     ",6.60,105.21,24.37
2708,637862428,"02708M04:01:10.179","02708 04:38:48",205.40,740.50,,,,"     ",6.60,105.26,24.33
2708,637862429,"02708M04:01:11.152","02708 04:38:49",205.37,740.43,,,,"     ",6.60,105.55,24.35
2708,637862430,"02708M04:01:12.126","02708 04:38:50",205.34,740.49,,,,"     ",6.60,105.57,24.29
2708,637862431,"02708M04:01:13.099","02708 04:38:51",205.31,740.40,,,,"     ",6.60,105.83,24.29
2708,637862432,"02708M04:01:14.072","02708 04:38:52",205.29,740.38,,,,"     ",6.60,105.93,24.24
2708,637862433,"02708M04:01:15.045","02708 04:38:53",205.27,740.43,,,,"     ",6.60,106.11,24.23
2708,637862434,"02708M04:01:16.019","02708 04:38:54",205.26,740.30,,,,"     ",6.60,106.16,24.18
2708,637862435,"02708M04:01:16.992","02708 04:38:55",205.25,740.34,,,,"     ",6.60,106.26,24.15
2708,637862436,"02708M04:01:17.965","02708 04:38:56",205.24,740.29,,,,"     ",6.60,106.39,24.11
2708,637862437,"02708M04:01:18.938","02708 04:38:57",205.23,740.28,,,,"     ",6.60,106.49,24.09
2708,637862438,"02708M04:01:19.912","02708 04:38:58",205.23,740.31,,,,"     ",6.60,106.57,24.05
2708,637862439,"02708M04:01:20.885","02708 04:38:59",205.24,740.26,,,,"     ",6.60,106.65,24.02
2708,637862440,"02708M04:01:21.858","02708 04:39:00",205.26,740.31,,,,"     ",6.60,106.65,23.97
2708,637862441,"02708M04:01:22.831","02708 04:39:01",205.28,740.29,,,,"     ",6.60,106.75,23.93
2708,637862442,"02708M04:01:23.805","02708 04:39:02",205.29,740.42,,,,"     ",6.60,106.93,23.93
2708,637862443,"02708M04:01:24.778","02708 04:39:03",205.30,740.42,,,,"     ",6.60,107.08,23.91
2708,637862444,"02708M04:01:25.751","02708 04:39:04",205.30,740.39,,,,"     ",6.60,107.01,23.84
2708,637862445,"02708M04:01:26.724","02708 04:39:05",205.31,740.39,,,,"     ",6.60,107.08,23.82
2708,637862446,"02708M04:01:27.698","02708 04:39:06",205.32,740.39,,,,"     ",6.60,107.15,23.79
2708,637862447,"02708M04:01:28.671","02708 04:39:07",205.34,740.43,,,,"     ",6.60,107.15,23.74
2708,637862448,"02708M04:01:29.644","02708 04:39:08",205.36,740.38,,,,"     ",6.60,107.12,23.68
2708,637862449,"02708M04:01:30.617","02708 04:39:09",205.38,740.43,,,,"     ",6.60,107.36,23.70
2708,637862450,"02708M04:01:31.591","02708 04:39:10",205.40,740.46,,,,"     ",6.60,107.28,23.64
2708,637862451,"02708M04:01:32.564","02708 04:39:11",205.41,740.46,,,,"     ",6.60,107.23,23.58
2708,637862452,"02708M04:01:33.537","02708 04:39:12",205.43,740.36,,,,"     ",6.60,107.37,23.57
2708,637862453,"02708M04:01:34.510","02708 04:39:13",205.45,740.36,,,,"     ",6.60,107.58,23.58
2708,637862454,"02708M04:01:35.484","02708 04:39:14",205.46,740.37,,,,"     ",6.60,107.44,23.51
2708,637862455,"02708M04:01:36.457","02708 04:39:15",205.48,740.45,,,,"     ",6.60,107.70,23.54
2708,637862456,"02708M04:01:37.430","02708 04:39:16",205.50,740.55,,,,"     ",6.60,107.60,23.47
2708,637862457,"02708M04:01:38.403","02708 04:39:17",205.52,740.53,,,,"     ",6.60,107.91,23.50
2708,637862458,"02708M04:01:39.377","02708 04:39:18",205.53,740.47,,,,"     ",6.60,107.37,23.34
2708,637862459,"02708M04:01:40.350","02708 04:39:19",205.55,740.43,,,,"     ",6.60,107.53,23.35
2708,637862460,"02708M04:01:41.323","02708 04:39:20",205.57,740.48,,,,"     ",6.60,107.64,23.34
2708,637862461,"02708M04:01:42.296","02708 04:39:21",205.59,740.47,,,,"     ",6.60,107.66,23.31
2708,637866122,"02708M05:01:05.378","02708 05:38:44",204.52,742.14,,,,"     ",6.60,,
2708,637866123,"02708M05:01:06.351","02708 05:38:45",204.47,742.23,,,,"     ",6.60,109.59,31.65
2708,637866124,"02708M05:01:07.324","02708 05:38:46",204.43,742.22,,,,"     ",6.60,109.75,31.62
2708,637866125,"02708M05:01:08.298","02708 05:38:47",204.39,742.23,,,,"     ",6.60,109.85,31.57
2708,637866126,"02708M05:01:09.271","02708 05:38:48",204.36,742.25,,,,"     ",6.60,110.01,31.54
2708,637866127,"02708M05:01:10.244","02708 05:38:49",204.33,742.23,,,,"     ",6.60,110.01,31.46
2708,637866128,"02708M05:01:11.217","02708 05:38:50",204.31,742.26,,,,"     ",6.60,110.24,31.45
2708,637866129,"02708M05:01:12.191","02708 05:38:51",204.29,742.28,,,,"     ",6.60,110.28,31.39
2708,637866130,"02708M05:01:13.164","02708 05:38:52",204.27,742.30,,,,"     ",6.60,110.18,31.28
2708,637866131,"02708M05:01:14.137","02708 05:38:53",204.26,742.26,,,,"     ",6.60,110.34,31.25
2708,637866132,"02708M05:01:15.110","02708 05:38:54",204.25,742.29,,,,"     ",6.60,110.61,31.26
2708,637866133,"02708M05:01:16.084","02708 05:38:55",204.25,742.22,,,,"     ",6.60,110.48,31.14
2708,637866134,"02708M05:01:17.057","02708 05:38:56",204.25,742.19,,,,"     ",6.60,110.64,31.12
2708,637866135,"02708M05:01:18.030","02708 05:38:57",204.26,742.22,,,,"     ",6.60,110.82,31.12
2708,637866136,"02708M05:01:19.003","02708 05:38:58",204.28,742.25,,,,"     ",6.60,110.75,31.02
2708,637866137,"02708M05:01:19.977","02708 05:38:59",204.29,742.20,,,,"     ",6.60,111.06,31.05
2708,637866138,"02708M05:01:20.950","02708 05:38:59",204.30,742.29,,,,"     ",6.60,111.03,30.98
2708,637866139,"02708M05:01:21.923","02708 05:39:00",204.31,742.25,,,,"     ",6.60,111.22,30.96
2708,637866140,"02708M05:01:22.896","02708 05:39:01",204.32,742.25,,,,"     ",6.60,111.09,30.86
2708,637866141,"02708M05:01:23.870","02708 05:39:02",204.34,742.29,,,,"     ",6.60,111.09,30.81
2708,637866142,"02708M05:01:24.843","02708 05:39:03",204.36,742.24,,,,"     ",6.60,111.23,30.78
2708,637866143,"02708M05:01:25.816","02708 05:39:04",204.38,742.32,,,,"     ",6.60,111.21,30.71
2708,637866144,"02708M05:01:26.789","02708 05:39:05",204.41,742.27,,,,"     ",6.60,111.50,30.74
2708,637866145,"02708M05:01:27.763","02708 05:39:06",204.43,742.34,,,,"     ",6.60,111.41,30.66
2708,637866146,"02708M05:01:28.736","02708 05:39:07",204.43,742.28,,,,"     ",6.60,111.51,30.63
2708,637866147,"02708M05:01:29.709","02708 05:39:08",204.42,742.25,,,,"     ",6.60,111.52,30.57
2708,637866148,"02708M05:01:30.682","02708 05:39:09",204.42,742.19,,,,"     ",6.60,111.54,30.52
2708,637866149,"02708M05:01:31.656","02708 05:39:10",204.41,742.15,,,,"     ",6.60,111.60,30.48
2708,637866150,"02708M05:01:32.629","02708 05:39:11",204.39,742.13,,,,"     ",6.60,112.06,30.57
2708,637866151,"02708M05:01:33.602","02708 05:39:12",204.37,742.17,,,,"     ",6.60,111.76,30.44
2708,637866152,"02708M05:01:34.575","02708 05:39:13",204.35,742.20,,,,"     ",6.60,111.85,30.42
2708,637866153,"02708M05:01:35.549","02708 05:39:14",204.33,742.11,,,,"     ",6.60,111.79,30.34
2708,637866154,"02708M05:01:36.522","02708 05:39:15",204.30,742.12,,,,"     ",6.60,111.86,30.30
2708,637866155,"02708M05:01:37.495","02708 05:39:16",204.27,742.21,,,,"     ",6.60,111.88,30.26
2708,637866156,"02708M05:01:38.469","02708 05:39:17",204.23,742.17,,,,"     ",6.60,111.95,30.24
2708,637866157,"02708M05:01:39.442","02708 05:39:18",204.19,742.15,,,,"     ",6.60,111.71,30.12
2708,637866158,"02708M05:01:40.415","02708 05:39:19",204.14,742.26,,,,"     ",6.60,111.88,30.12
2708,637869832,"02708M06:01:16.149","02708 06:38:55",206.34,749.74,,,,"     ",6.60,,
2708,637869833,"02708M06:01:17.122","02708 06:38:56",206.27,749.78,,,,"     ",6.60,81.83,16.55
2708,637869834,"02708M06:01:18.095","02708 06:38:57",206.21,749.87,,,,"     ",6.60,82.01,16.54
2708,637869835,"02708M06:01:19.069","02708 06:38:58",206.16,749.80,,,,"     ",6.60,82.53,16.59
2708,637869836,"02708M06:01:20.042","02708 06:38:59",206.11,749.76,,,,"     ",6.60,82.18,16.48
2708,637869837,"02708M06:01:21.015","02708 06:39:00",206.06,749.84,,,,"     ",6.60,82.36,16.46
2708,637869838,"02708M06:01:21.988","02708 06:39:01",206.02,749.85,,,,"     ",6.60,82.39,16.41
2708,637869839,"02708M06:01:22.962","02708 06:39:02",205.99,749.86,,,,"     ",6.60,82.46,16.38
2708,637869840,"02708M06:01:23.935","02708 06:39:03",205.97,749.87,,,,"     ",6.60,82.57,16.36
2708,637869841,"02708M06:01:24.908","02708 06:39:04",205.95,749.84,,,,"     ",6.60,82.76,16.35
2708,637869842,"02708M06:01:25.881","02708 06:39:05",205.94,749.84,,,,"     ",6.60,82.89,16.33
2708,637869843,"02708M06:01:26.855","02708 06:39:06",205.93,749.86,,,,"     ",6.60,82.80,16.27
2708,637869844,"02708M06:01:27.828","02708 06:39:07",205.93,749.76,,,,"     ",6.60,83.06,16.28
2708,637869845,"02708M06:01:28.801","02708 06:39:08",205.94,749.80,,,,"     ",6.60,83.18,16.26
2708,637869846,"02708M06:01:29.774","02708 06:39:09",205.96,749.90,,,,"     ",6.60,82.92,16.16
2708,637869847,"02708M06:01:30.748","02708 06:39:10",205.99,749.78,,,,"     ",6.60,83.05,16.15
2708,637869848,"02708M06:01:31.721","02708 06:39:11",206.03,749.72,,,,"     ",6.60,83.16,16.12
2708,637869849,"02708M06:01:32.694","02708 06:39:12",206.08,749.83,,,,"     ",6.60,83.33,16.12
2708,637869850,"02708M06:01:33.667","02708 06:39:13",206.12,749.79,,,,"     ",6.60,83.41,16.10
2708,637869851,"02708M06:01:34.641","02708 06:39:13",206.17,749.87,,,,"     ",6.60,83.38,16.05
2708,637869852,"02708M06:01:35.614","02708 06:39:14",206.22,749.88,,,,"     ",6.60,83.45,16.03
2708,637869853,"02708M06:01:36.587","02708 06:39:15",206.27,749.91,,,,"     ",6.60,83.39,15.98
2708,637869854,"02708M06:01:37.560","02708 06:39:16",206.32,749.82,,,,"     ",6.60,83.55,15.98
2708,637869855,"02708M06:01:38.534","02708 06:39:17",206.37,749.91,,,,"     ",6.60,83.59,15.94
2708,637869856,"02708M06:01:39.507","02708 06:39:18",206.42,749.83,,,,"     ",6.60,83.49,15.89
2708,637869857,"02708M06:01:40.480","02708 06:39:19",206.46,749.79,,,,"     ",6.60,83.57,15.86
2708,637869858,"02708M06:01:41.453","02708 06:39:20",206.49,749.85,,,,"     ",6.60,83.65,15.85
2708,637869859,"02708M06:01:42.427","02708 06:39:21",206.50,749.83,,,,"     ",6.60,83.75,15.83
2708,637869860,"02708M06:01:43.400","02708 06:39:22",206.52,749.76,,,,"     ",6.60,83.66,15.78
2708,637869861,"02708M06:01:44.373","02708 06:39:23",206.52,749.86,,,,"     ",6.60,83.74,15.77
2708,637869862,"02708M06:01:45.346","02708 06:39:24",206.52,749.95,,,,"     ",6.60,83.87,15.76
2708,637869863,"02708M06:01:46.320","02708 06:39:25",206.51,749.96,,,,"     ",6.60,83.91,15.73
2708,637869864,"02708M06:01:47.293","02708 06:39:26",206.49,749.91,,,,"     ",6.60,84.39,15.79
2708,637869865,"02708M06:01:48.266","02708 06:39:27",206.47,749.94,,,,"     ",6.60,83.92,15.68
2708,637869866,"02708M06:01:49.239","02708 06:39:28",206.44,749.95,,,,"     ",6.60,83.84,15.63
2708,637869867,"02708M06:01:50.213","02708 06:39:29",206.40,749.98,,,,"     ",6.60,83.85,15.60
2708,637869868,"02708M06:01:51.186","02708 06:39:30",206.35,749.95,,,,"     ",6.60,83.84,15.56
2708,637873512,"02708M07:00:57.722","02708 07:38:37",215.05,764.15,,,,"     ",6.60,,
2708,637873513,"02708M07:00:58.695","02708 07:38:38",215.05,764.13,,,,"     ",6.60,136.10,4.68
2708,637873514,"02708M07:00:59.669","02708 07:38:39",215.06,764.17,,,,"     ",6.60,135.77,4.65
2708,637873515,"02708M07:01:00.642","02708 07:38:40",215.06,764.21,,,,"     ",6.60,135.90,4.64
2708,637873516,"02708M07:01:01.615","02708 07:38:41",215.07,764.16,,,,"     ",6.60,136.48,4.65
2708,637873517,"02708M07:01:02.588","02708 07:38:42",215.08,764.04,,,,"     ",6.60,136.90,4.65
2708,637873518,"02708M07:01:03.562","02708 07:38:43",215.10,764.16,,,,"     ",6.60,137.16,4.64
2708,637873519,"02708M07:01:04.535","02708 07:38:44",215.11,764.15,,,,"     ",6.60,137.83,4.65
2708,637873520,"02708M07:01:05.508","02708 07:38:45",215.13,764.22,,,,"     ",6.60,137.27,4.62
2708,637873521,"02708M07:01:06.481","02708 07:38:46",215.14,764.19,,,,"     ",6.60,137.78,4.62
2708,637873522,"02708M07:01:07.455","02708 07:38:47",215.16,764.15,,,,"     ",6.60,137.62,4.60
2708,637873523,"02708M07:01:08.428","02708 07:38:48",215.18,764.15,,,,"     ",6.60,138.29,4.61
2708,637873524,"02708M07:01:09.401","02708 07:38:49",215.21,764.10,,,,"     ",6.60,137.69,4.58
2708,637873525,"02708M07:01:10.374","02708 07:38:49",215.23,764.22,,,,"     ",6.60,137.85,4.57
2708,637873526,"02708M07:01:11.348","02708 07:38:50",215.26,764.08,,,,"     ",6.60,138.81,4.59
2708,637873527,"02708M07:01:12.321","02708 07:38:51",215.28,764.13,,,,"     ",6.60,137.83,4.54
2708,637873528,"02708M07:01:13.294","02708 07:38:52",215.31,764.17,,,,"     ",6.60,138.88,4.57
2708,637873529,"02708M07:01:14.267","02708 07:38:53",215.33,764.14,,,,"     ",6.60,138.60,4.55
2708,637873530,"02708M07:01:15.241","02708 07:38:54",215.35,764.15,,,,"     ",6.60,139.39,4.56
2708,637873531,"02708M07:01:16.214","02708 07:38:55",215.36,764.19,,,,"     ",6.60,139.06,4.54
2708,637873532,"02708M07:01:17.187","02708 07:38:56",215.36,764.18,,,,"     ",6.60,139.60,4.55
2708,637873533,"02708M07:01:18.160","02708 07:38:57",215.37,764.18,,,,"     ",6.60,138.64,4.50
2708,637873534,"02708M07:01:19.134","02708 07:38:58",215.37,764.09,,,,"     ",6.60,139.09,4.51
2708,637873535,"02708M07:01:20.107","02708 07:38:59",215.38,764.17,,,,"     ",6.60,138.22,4.47
2708,637873536,"02708M07:01:21.080","02708 07:39:00",215.40,764.16,,,,"     ",6.60,139.46,4.50
2708,637873537,"02708M07:01:22.053","02708 07:39:01",215.43,764.11,,,,"     ",6.60,139.70,4.49
2708,637873538,"02708M07:01:23.027","02708 07:39:02",215.45,764.24,,,,"     ",6.60,138.26,4.44
2708,637873539,"02708M07:01:24.000","02708 07:39:03",215.47,764.10,,,,"     ",6.60,138.70,4.44
2708,637873540,"02708M07:01:24.973","02708 07:39:04",215.49,764.30,,,,"     ",6.60,138.76,4.43
2708,637873541,"02708M07:01:25.946","02708 07:39:05",215.51,764.24,,,,"     ",6.60,139.40,4.44
2708,637873542,"02708M07:01:26.920","02708 07:39:06",215.53,764.28,,,,"     ",6.60,139.02,4.42
2708,637873543,"02708M07:01:27.893","02708 07:39:07",215.56,764.27,,,,"     ",6.60,138.91,4.41
2708,637873544,"02708M07:01:28.866","02708 07:39:08",215.59,764.28,,,,"     ",6.60,139.63,4.42
2708,637873545,"02708M07:01:29.839","02708 07:39:09",215.61,764.29,,,,"     ",6.60,138.36,4.37
2708,637873546,"02708M07:01:30.813","02708 07:39:10",215.64,764.24,,,,"     ",6.60,138.34,4.36
2708,637873547,"02708M07:01:31.786","02708 07:39:11",215.67,764.16,,,,"     ",6.60,139.01,4.37
2708,637873548,"02708M07:01:32.759","02708 07:39:12",215.70,764.16,,,,"     ",6.60,139.62,4.38
2708,637877206,"02708M08:00:52.921","02708 08:38:32",216.84,755.28,,,,"     ",6.60,,
2708,637877207,"02708M08:00:53.894","02708 08:38:33",216.83,755.43,,,,"     ",6.60,376.01,1.81
2708,637877208,"02708M08:00:54.867","02708 08:38:34",216.81,755.44,,,,"     ",6.60,377.02,1.81
2708,637877209,"02708M08:00:55.841","02708 08:38:35",216.80,755.46,,,,"     ",6.60,375.38,1.80
2708,637877210,"02708M08:00:56.814","02708 08:38:36",216.79,755.58,,,,"     ",6.60,376.72,1.80
2708,637877211,"02708M08:00:57.787","02708 08:38:37",216.78,755.61,,,,"     ",6.60,381.99,1.83
2708,637877212,"02708M08:00:58.760","02708 08:38:38",216.77,755.56,,,,"     ",6.60,377.75,1.80
2708,637877213,"02708M08:00:59.734","02708 08:38:39",216.76,755.57,,,,"     ",6.60,379.81,1.81
2708,637877214,"02708M08:01:00.707","02708 08:38:40",216.75,755.54,,,,"     ",6.60,378.47,1.79
2708,637877215,"02708M08:01:01.680","02708 08:38:41",216.74,755.53,,,,"     ",6.60,380.95,1.80
2708,637877216,"02708M08:01:02.654","02708 08:38:42",216.73,755.44,,,,"     ",6.60,380.88,1.80
2708,637877217,"02708M08:01:03.627","02708 08:38:43",216.72,755.43,,,,"     ",6.60,379.95,1.79
2708,637877218,"02708M08:01:04.600","02708 08:38:44",216.71,755.45,,,,"     ",6.60,378.17,1.78
2708,637877219,"02708M08:01:05.573","02708 08:38:45",216.70,755.42,,,,"     ",6.60,381.58,1.79
2708,637877220,"02708M08:01:06.547","02708 08:38:46",216.70,755.31,,,,"     ",6.60,381.19,1.78
2708,637877221,"02708M08:01:07.520","02708 08:38:47",216.69,755.36,,,,"     ",6.60,378.89,1.77
2708,637877222,"02708M08:01:08.493","02708 08:38:48",216.70,755.42,,,,"     ",6.60,383.27,1.79
2708,637877223,"02708M08:01:09.466","02708 08:38:49",216.70,755.45,,,,"     ",6.60,377.61,1.76
2708,637877224,"02708M08:01:10.440","02708 08:38:50",216.71,755.45,,,,"     ",6.60,383.49,1.78
2708,637877225,"02708M08:01:11.413","02708 08:38:51",216.73,755.50,,,,"     ",6.60,383.61,1.78
2708,637877226,"02708M08:01:12.386","02708 08:38:52",216.75,755.52,,,,"     ",6.60,380.23,1.76
2708,637877227,"02708M08:01:13.359","02708 08:38:53",216.77,755.47,,,,"     ",6.60,382.36,1.77
2708,637877228,"02708M08:01:14.333","02708 08:38:54",216.78,755.47,,,,"     ",6.60,380.46,1.75
2708,637877229,"02708M08:01:15.306","02708 08:38:55",216.77,755.46,,,,"     ",6.60,381.33,1.75
2708,637877230,"02708M08:01:16.279","02708 08:38:56",216.75,755.51,,,,"     ",6.60,385.96,1.77
2708,637877231,"02708M08:01:17.252","02708 08:38:57",216.72,755.55,,,,"     ",6.60,379.88,1.74
2708,637877232,"02708M08:01:18.226","02708 08:38:58",216.70,755.50,,,,"     ",6.60,385.03,1.76
2708,637877233,"02708M08:01:19.199","02708 08:38:59",216.68,755.53,,,,"     ",6.60,381.78,1.75
2708,637877234,"02708M08:01:20.172","02708 08:39:00",216.66,755.49,,,,"     ",6.60,384.50,1.76
2708,637877235,"02708M08:01:21.145","02708 08:39:01",216.63,755.39,,,,"     ",6.60,384.98,1.76
2708,637877236,"02708M08:01:22.119","02708 08:39:02",216.61,755.32,,,,"     ",6.60,382.36,1.74
2708,637877237,"02708M08:01:23.092","02708 08:39:03",216.58,755.31,,,,"     ",6.60,384.01,1.75
2708,637877238,"02708M08:01:24.065","02708 08:39:03",216.54,755.32,,,,"     ",6.60,383.36,1.74
2708,637877239,"02708M08:01:25.038","02708 08:39:04",216.51,755.37,,,,"     ",6.60,380.88,1.73
2708,637877240,"02708M08:01:26.012","02708 08:39:05",216.47,755.28,,,,"     ",6.60,385.33,1.75
2708,637877241,"02708M08:01:26.985","02708 08:39:06",216.44,755.31,,,,"     ",6.60,387.23,1.75
2708,637877242,"02708M08:01:27.958","02708 08:39:07",216.40,755.27,,,,"     ",6.60,387.64,1.75
2708,637880900,"02708M09:00:48.120","02708 09:38:28",234.71,736.26,,,,"     ",6.60,,
2708,637880901,"02708M09:00:49.093","02708 09:38:29",234.63,736.25,,,,"     ",6.60,853.61,1.33
2708,637880902,"02708M09:00:50.066","02708 09:38:30",234.55,736.31,,,,"     ",6.60,849.21,1.32
2708,637880903,"02708M09:00:51.040","02708 09:38:31",234.49,736.27,,,,"     ",6.60,839.64,1.31
2708,637880904,"02708M09:00:52.013","02708 09:38:32",234.44,736.35,,,,"     ",6.60,846.08,1.31
2708,637880905,"02708M09:00:52.986","02708 09:38:33",234.39,736.31,,,,"     ",6.60,850.62,1.32
2708,637880906,"02708M09:00:53.959","02708 09:38:34",234.36,736.30,,,,"     ",6.60,844.00,1.31
2708,637880907,"02708M09:00:54.933","02708 09:38:35",234.34,736.27,,,,"     ",6.60,851.32,1.32
2708,637880908,"02708M09:00:55.906","02708 09:38:36",234.33,736.39,,,,"     ",6.60,838.14,1.29
2708,637880909,"02708M09:00:56.879","02708 09:38:37",234.32,736.35,,,,"     ",6.60,855.57,1.32
2708,637880910,"02708M09:00:57.852","02708 09:38:38",234.33,736.37,,,,"     ",6.60,852.76,1.31
2708,637880911,"02708M09:00:58.826","02708 09:38:39",234.35,736.41,,,,"     ",6.60,854.19,1.31
2708,637880912,"02708M09:00:59.799","02708 09:38:39",234.37,736.36,,,,"     ",6.60,850.82,1.31
2708,637880913,"02708M09:01:00.772","02708 09:38:40",234.42,736.33,,,,"     ",6.60,857.35,1.32
2708,637880914,"02708M09:01:01.745","02708 09:38:41",234.47,736.33,,,,"     ",6.60,845.11,1.29
2708,637880915,"02708M09:01:02.719","02708 09:38:42",234.52,736.37,,,,"     ",6.60,854.69,1.31
2708,637880916,"02708M09:01:03.692","02708 09:38:43",234.56,736.32,,,,"     ",6.60,865.88,1.32
2708,637880917,"02708M09:01:04.665","02708 09:38:44",234.60,736.24,,,,"     ",6.60,856.66,1.31
2708,637880918,"02708M09:01:05.638","02708 09:38:45",234.64,736.23,,,,"     ",6.60,857.74,1.31
2708,637880919,"02708M09:01:06.612","02708 09:38:46",234.68,736.33,,,,"     ",6.60,867.91,1.32
2708,637880920,"02708M09:01:07.585","02708 09:38:47",234.71,736.38,,,,"     ",6.60,859.87,1.31
2708,637880921,"02708M09:01:08.558","02708 09:38:48",234.74,736.40,,,,"     ",6.60,864.74,1.32
2708,637880922,"02708M09:01:09.531","02708 09:38:49",234.76,736.33,,,,"     ",6.60,862.90,1.31
2708,637880923,"02708M09:01:10.505","02708 09:38:50",234.78,736.33,,,,"     ",6.60,855.60,1.30
2708,637880924,"02708M09:01:11.478","02708 09:38:51",234.80,736.39,,,,"     ",6.60,868.76,1.32
2708,637880925,"02708M09:01:12.451","02708 09:38:52",234.83,736.34,,,,"     ",6.60,851.67,1.29
2708,637880926,"02708M09:01:13.424","02708 09:38:53",234.85,736.34,,,,"     ",6.60,858.40,1.30
2708,637880927,"02708M09:01:14.398","02708 09:38:54",234.88,736.27,,,,"     ",6.60,866.45,1.31
2708,637880928,"02708M09:01:15.371","02708 09:38:55",234.91,736.30,,,,"     ",6.60,868.62,1.31
2708,637880929,"02708M09:01:16.344","02708 09:38:56",234.94,736.27,,,,"     ",6.60,861.52,1.30
2708,637880930,"02708M09:01:17.317","02708 09:38:57",234.97,736.33,,,,"     ",6.60,867.45,1.31
2708,637880931,"02708M09:01:18.291","02708 09:38:58",235.00,736.31,,,,"     ",6.60,861.55,1.30
2708,637880932,"02708M09:01:19.264","02708 09:38:59",235.03,736.30,,,,"     ",6.60,857.65,1.29
2708,637880933,"02708M09:01:20.237","02708 09:39:00",235.06,736.39,,,,"     ",6.60,871.91,1.31
2708,637880934,"02708M09:01:21.210","02708 09:39:01",235.09,736.37,,,,"     ",6.60,876.00,1.32
2708,637880935,"02708M09:01:22.184","02708 09:39:02",235.13,736.37,,,,"     ",6.60,863.98,1.30
2708,637880936,"02708M09:01:23.157","02708 09:39:03",235.16,736.40,,,,"     ",6.60,874.91,1.31
2708,637884610,"02708M10:00:58.891","02708 10:38:39",241.10,723.76,,,,"     ",6.60,,
2708,637884611,"02708M10:00:59.864","02708 10:38:40",241.19,723.73,,,,"     ",6.60,1175.84,1.23
2708,637884612,"02708M10:01:00.837","02708 10:38:41",241.27,723.77,,,,"     ",6.60,1198.38,1.25
2708,637884613,"02708M10:01:01.811","02708 10:38:42",241.35,723.77,,,,"     ",6.60,1181.48,1.23
2708,637884614,"02708M10:01:02.784","02708 10:38:43",241.43,723.81,,,,"     ",6.60,1176.50,1.22
2708,637884615,"02708M10:01:03.757","02708 10:38:44",241.50,723.75,,,,"     ",6.60,1185.49,1.23
2708,637884616,"02708M10:01:04.730","02708 10:38:45",241.57,723.75,,,,"     ",6.60,1189.80,1.23
2708,637884617,"02708M10:01:05.704","02708 10:38:46",241.64,723.83,,,,"     ",6.60,1182.40,1.22
2708,637884618,"02708M10:01:06.677","02708 10:38:47",241.71,723.73,,,,"     ",6.60,1181.37,1.22
2708,637884619,"02708M10:01:07.650","02708 10:38:48",241.77,723.70,,,,"     ",6.60,1186.39,1.22
2708,637884620,"02708M10:01:08.623","02708 10:38:49",241.83,723.71,,,,"     ",6.60,1196.50,1.23
2708,637884621,"02708M10:01:09.597","02708 10:38:50",241.89,723.70,,,,"     ",6.60,1189.10,1.22
2708,637884622,"02708M10:01:10.570","02708 10:38:51",241.94,723.75,,,,"     ",6.60,1195.49,1.22
2708,637884623,"02708M10:01:11.543","02708 10:38:52",242.00,723.75,,,,"     ",6.60,1193.38,1.22
2708,637884624,"02708M10:01:12.516","02708 10:38:53",242.05,723.73,,,,"     ",6.60,1194.86,1.22
2708,637884625,"02708M10:01:13.490","02708 10:38:53",242.09,723.76,,,,"     ",6.60,1181.23,1.20
2708,637884626,"02708M10:01:14.463","02708 10:38:54",242.13,723.74,,,,"     ",6.60,1187.62,1.21
2708,637884627,"02708M10:01:15.436","02708 10:38:55",242.16,723.76,,,,"     ",6.60,1201.62,1.22
2708,637884628,"02708M10:01:16.409","02708 10:38:56",242.19,723.77,,,,"     ",6.60,1203.52,1.22
2708,637884629,"02708M10:01:17.383","02708 10:38:57",242.20,723.75,,,,"     ",6.60,1191.86,1.21
2708,637884630,"02708M10:01:18.356","02708 10:38:58",242.21,723.78,,,,"     ",6.60,1205.95,1.22
2708,637884631,"02708M10:01:19.329","02708 10:38:59",242.21,723.71,,,,"     ",6.60,1207.67,1.22
2708,637884632,"02708M10:01:20.302","02708 10:39:00",242.21,723.69,,,,"     ",6.60,1204.62,1.21
2708,637884633,"02708M10:01:21.276","02708 10:39:01",242.24,723.68,,,,"     ",6.60,1210.00,1.22
2708,637884634,"02708M10:01:22.249","02708 10:39:02",242.27,723.60,,,,"     ",6.60,1191.51,1.20
2708,637884635,"02708M10:01:23.222","02708 10:39:03",242.32,723.54,,,,"     ",6.60,1221.55,1.23
2708,637884636,"02708M10:01:24.195","02708 10:39:04",242.37,723.58,,,,"     ",6.60,1220.15,1.22
2708,637884637,"02708M10:01:25.169","02708 10:39:05",242.42,723.44,,,,"     ",6.60,1210.88,1.21
2708,637884638,"02708M10:01:26.142","02708 10:39:06",242.48,723.51,,,,"     ",6.60,1212.75,1.21
2708,637884639,"02708M10:01:27.115","02708 10:39:07",242.54,723.62,,,,"     ",6.60,1214.55,1.21
2708,637884640,"02708M10:01:28.088","02708 10:39:08",242.61,723.62,,,,"     ",6.60,1203.84,1.20
2708,637884641,"02708M10:01:29.062","02708 10:39:09",242.69,723.59,,,,"     ",6.60,1229.95,1.22
2708,637884642,"02708M10:01:30.035","02708 10:39:10",242.77,723.61,,,,"     ",6.60,1222.60,1.22
2708,637884643,"02708M10:01:31.008","02708 10:39:11",242.86,723.67,,,,"     ",6.60,1214.12,1.21
2708,637884644,"02708M10:01:31.981","02708 10:39:12",242.95,723.70,,,,"     ",6.60,1209.17,1.20
2708,637884645,"02708M10:01:32.955","02708 10:39:13",243.05,723.76,,,,"     ",6.60,1219.80,1.21
2708,637884646,"02708M10:01:33.928","02708 10:39:14",243.16,723.70,,,,"     ",6.60,1237.61,1.23
2708,637888304,"02708M11:00:54.090","02708 11:38:34",249.67,713.76,,,,"     ",6.60,,
2708,637888305,"02708M11:00:55.063","02708 11:38:35",249.53,713.76,,,,"     ",6.60,1192.56,1.33
2708,637888306,"02708M11:00:56.036","02708 11:38:36",249.40,713.82,,,,"     ",6.60,1193.55,1.33
2708,637888307,"02708M11:00:57.009","02708 11:38:37",249.27,713.69,,,,"     ",6.60,1187.97,1.32
2708,637888308,"02708M11:00:57.983","02708 11:38:38",249.15,713.73,,,,"     ",6.60,1185.88,1.32
2708,637888309,"02708M11:00:58.956","02708 11:38:39",249.03,713.78,,,,"     ",6.60,1192.95,1.32
2708,637888310,"02708M11:00:59.929","02708 11:38:40",248.91,713.71,,,,"     ",6.60,1187.78,1.31
2708,637888311,"02708M11:01:00.902","02708 11:38:41",248.81,713.77,,,,"     ",6.60,1174.83,1.30
2708,637888312,"02708M11:01:01.876","02708 11:38:42",248.70,713.74,,,,"     ",6.60,1181.02,1.30
2708,637888313,"02708M11:01:02.849","02708 11:38:43",248.61,713.73,,,,"     ",6.60,1187.26,1.31
2708,637888314,"02708M11:01:03.822","02708 11:38:44",248.51,713.81,,,,"     ",6.60,1164.70,1.28
2708,637888315,"02708M11:01:04.795","02708 11:38:45",248.43,713.74,,,,"     ",6.60,1190.97,1.31
2708,637888316,"02708M11:01:05.769","02708 11:38:46",248.35,713.75,,,,"     ",6.60,1185.70,1.30
2708,637888317,"02708M11:01:06.742","02708 11:38:47",248.27,713.69,,,,"     ",6.60,1203.72,1.32
2708,637888318,"02708M11:01:07.715","02708 11:38:48",248.19,713.74,,,,"     ",6.60,1199.19,1.31
2708,637888319,"02708M11:01:08.688","02708 11:38:49",248.13,713.76,,,,"     ",6.60,1192.53,1.30
2708,637888320,"02708M11:01:09.662","02708 11:38:50",248.07,713.67,,,,"     ",6.60,1191.29,1.30
2708,637888321,"02708M11:01:10.635","02708 11:38:51",248.04,713.68,,,,"     ",6.60,1176.87,1.28
2708,637888322,"02708M11:01:11.608","02708 11:38:52",248.03,713.64,,,,"     ",6.60,1178.22,1.28
2708,637888323,"02708M11:01:12.581","02708 11:38:53",248.04,713.67,,,,"     ",6.60,1182.13,1.28
2708,637888324,"02708M11:01:13.555","02708 11:38:54",248.06,713.72,,,,"     ",6.60,1209.13,1.31
2708,637888325,"02708M11:01:14.528","02708 11:38:55",248.10,713.85,,,,"     ",6.60,1195.47,1.30
2708,637888326,"02708M11:01:15.501","02708 11:38:56",248.16,713.88,,,,"     ",6.60,1206.37,1.31
2708,637888327,"02708M11:01:16.474","02708 11:38:57",248.20,713.72,,,,"     ",6.60,1186.63,1.28
2708,637888328,"02708M11:01:17.448","02708 11:38:58",248.25,713.75,,,,"     ",6.60,1188.94,1.28
2708,637888329,"02708M11:01:18.421","02708 11:38:59",248.29,713.73,,,,"     ",6.60,1192.27,1.29
2708,637888330,"02708M11:01:19.394","02708 11:39:00",248.33,713.79,,,,"     ",6.60,1213.60,1.31
2708,637888331,"02708M11:01:20.367","02708 11:39:01",248.37,713.76,,,,"     ",6.60,1223.79,1.32
2708,637888332,"02708M11:01:21.341","02708 11:39:02",248.42,713.62,,,,"     ",6.60,1210.58,1.30
2708,637888333,"02708M11:01:22.314","02708 11:39:03",248.46,713.58,,,,"     ",6.60,1207.49,1.30
2708,637888334,"02708M11:01:23.287","02708 11:39:04",248.51,713.59,,,,"     ",6.60,1202.97,1.29
2708,637888335,"02708M11:01:24.260","02708 11:39:05",248.56,713.58,,,,"     ",6.60,1210.87,1.30
2708,637888336,"02708M11:01:25.234","02708 11:39:06",248.60,713.66,,,,"     ",6.60,1209.81,1.30
2708,637888337,"02708M11:01:26.207","02708 11:39:06",248.65,713.76,,,,"     ",6.60,1214.18,1.30
2708,637888338,"02708M11:01:27.180","02708 11:39:07",248.70,713.73,,,,"     ",6.60,1221.17,1.31
2708,637888339,"02708M11:01:28.153","02708 11:39:08",248.75,713.80,,,,"     ",6.60,1206.37,1.29
2708,637888340,"02708M11:01:29.127","02708 11:39:09",248.80,713.85,,,,"     ",6.60,1213.21,1.30
2708,637891998,"02708M12:00:49.288","02708 12:38:30",254.42,703.88,,,,"     ",6.60,,
2708,637891999,"02708M12:00:50.262","02708 12:38:31",254.42,703.86,,,,"     ",6.60,1601.38,1.11
2708,637892000,"02708M12:00:51.235","02708 12:38:32",254.43,703.74,,,,"     ",6.60,1596.92,1.11
2708,637892001,"02708M12:00:52.208","02708 12:38:33",254.43,703.79,,,,"     ",6.60,1604.99,1.11
2708,637892002,"02708M12:00:53.181","02708 12:38:34",254.44,703.72,,,,"     ",6.60,1607.03,1.11
2708,637892003,"02708M12:00:54.155","02708 12:38:35",254.44,703.75,,,,"     ",6.60,1599.53,1.10
2708,637892004,"02708M12:00:55.128","02708 12:38:36",254.45,703.74,,,,"     ",6.60,1586.16,1.09
2708,637892005,"02708M12:00:56.101","02708 12:38:37",254.45,703.82,,,,"     ",6.60,1596.09,1.10
2708,637892006,"02708M12:00:57.074","02708 12:38:38",254.45,703.87,,,,"     ",6.60,1594.92,1.09
2708,637892007,"02708M12:00:58.048","02708 12:38:39",254.46,703.85,,,,"     ",6.60,1610.95,1.10
2708,637892008,"02708M12:00:59.021","02708 12:38:40",254.46,703.84,,,,"     ",6.60,1614.66,1.11
2708,637892009,"02708M12:00:59.994","02708 12:38:41",254.47,703.67,,,,"     ",6.60,1627.58,1.11
2708,637892010,"02708M12:01:00.968","02708 12:38:42",254.47,703.80,,,,"     ",6.60,1623.57,1.11
2708,637892011,"02708M12:01:01.941","02708 12:38:43",254.48,703.70,,,,"     ",6.60,1624.25,1.11
2708,637892012,"02708M12:01:02.914","02708 12:38:43",254.48,703.80,,,,"     ",6.60,1625.33,1.11
2708,637892013,"02708M12:01:03.887","02708 12:38:44",254.48,703.75,,,,"     ",6.60,1626.27,1.11
2708,637892014,"02708M12:01:04.861","02708 12:38:45",254.48,703.82,,,,"     ",6.60,1649.17,1.12
2708,637892015,"02708M12:01:05.834","02708 12:38:46",254.47,703.76,,,,"     ",6.60,1625.83,1.10
2708,637892016,"02708M12:01:06.807","02708 12:38:47",254.45,703.82,,,,"     ",6.60,1627.60,1.10
2708,637892017,"02708M12:01:07.780","02708 12:38:48",254.43,703.81,,,,"     ",6.60,1648.22,1.12
2708,637892018,"02708M12:01:08.754","02708 12:38:49",254.42,703.78,,,,"     ",6.60,1661.83,1.12
2708,637892019,"02708M12:01:09.727","02708 12:38:50",254.40,703.80,,,,"     ",6.60,1642.97,1.11
2708,637892020,"02708M12:01:10.700","02708 12:38:51",254.39,703.77,,,,"     ",6.60,1644.15,1.11
2708,637892021,"02708M12:01:11.673","02708 12:38:52",254.37,703.75,,,,"     ",6.60,1624.33,1.09
2708,637892022,"02708M12:01:12.647","02708 12:38:53",254.36,703.81,,,,"     ",6.60,1641.48,1.10
2708,637892023,"02708M12:01:13.620","02708 12:38:54",254.35,703.77,,,,"     ",6.60,1630.44,1.10
2708,637892024,"02708M12:01:14.593","02708 12:38:55",254.34,703.71,,,,"     ",6.60,1623.58,1.09
2708,637892025,"02708M12:01:15.566","02708 12:38:56",254.34,703.70,,,,"     ",6.60,1630.73,1.09
2708,637892026,"02708M12:01:16.540","02708 12:38:57",254.33,703.73,,,,"     ",6.60,1651.00,1.11
2708,637892027,"02708M12:01:17.513","02708 12:38:58",254.33,703.71,,,,"     ",6.60,1656.64,1.11
2708,637892028,"02708M12:01:18.486","02708 12:38:59",254.32,703.62,,,,"     ",6.60,1639.26,1.10
2708,637892029,"02708M12:01:19.459","02708 12:39:00",254.32,703.63,,,,"     ",6.60,1664.05,1.11
2708,637892030,"02708M12:01:20.433","02708 12:39:01",254.32,703.59,,,,"     ",6.60,1658.85,1.11
2708,637892031,"02708M12:01:21.406","02708 12:39:02",254.32,703.79,,,,"     ",6.60,1659.71,1.11
2708,637892032,"02708M12:01:22.379","02708 12:39:03",254.32,703.69,,,,"     ",6.60,1652.84,1.10
2708,637892033,"02708M12:01:23.352","02708 12:39:04",254.32,703.59,,,,"     ",6.60,1629.59,1.08
2708,637892034,"02708M12:01:24.326","02708 12:39:05",254.33,703.69,,,,"     ",6.60,1653.03,1.10
2708,637895708,"02708M13:01:00.059","02708 13:38:41",262.04,693.01,,,,"     ",6.60,,
2708,637895709,"02708M13:01:01.033","02708 13:38:42",261.98,692.85,,,,"     ",6.60,2138.87,0.95
2708,637895710,"02708M13:01:02.006","02708 13:38:43",261.92,692.88,,,,"     ",6.60,2145.13,0.95
2708,637895711,"02708M13:01:02.979","02708 13:38:44",261.87,692.82,,,,"     ",6.60,2135.10,0.94
2708,637895712,"02708M13:01:03.952","02708 13:38:45",261.82,692.78,,,,"     ",6.60,2137.53,0.94
2708,637895713,"02708M13:01:04.926","02708 13:38:46",261.77,692.82,,,,"     ",6.60,2135.46,0.94
2708,637895714,"02708M13:01:05.899","02708 13:38:47",261.73,692.76,,,,"     ",6.60,2167.44,0.95
2708,637895715,"02708M13:01:06.872","02708 13:38:48",261.70,692.69,,,,"     ",6.60,2180.33,0.96
2708,637895716,"02708M13:01:07.845","02708 13:38:49",261.67,692.71,,,,"     ",6.60,2189.04,0.96
2708,637895717,"02708M13:01:08.819","02708 13:38:50",261.65,692.73,,,,"     ",6.60,2152.66,0.94
2708,637895718,"02708M13:01:09.792","02708 13:38:51",261.63,692.80,,,,"     ",6.60,2149.06,0.94
2708,637895719,"02708M13:01:10.765","02708 13:38:52",261.62,692.81,,,,"     ",6.60,2151.55,0.94
2708,637895720,"02708M13:01:11.738","02708 13:38:53",261.61,692.78,,,,"     ",6.60,2173.46,0.94
2708,637895721,"02708M13:01:12.712","02708 13:38:54",261.61,692.75,,,,"     ",6.60,2140.38,0.93
2708,637895722,"02708M13:01:13.685","02708 13:38:55",261.61,692.75,,,,"     ",6.60,2163.45,0.94
2708,637895723,"02708M13:01:14.658","02708 13:38:56",261.62,692.64,,,,"     ",6.60,2134.88,0.92
2708,637895724,"02708M13:01:15.631","02708 13:38:56",261.65,692.64,,,,"     ",6.60,2136.99,0.92
2708,637895725,"02708M13:01:16.605","02708 13:38:57",261.69,692.67,,,,"     ",6.60,2147.80,0.93
2708,637895726,"02708M13:01:17.578","02708 13:38:58",261.74,692.66,,,,"     ",6.60,2134.28,0.92
2708,637895727,"02708M13:01:18.551","02708 13:38:59",261.80,692.64,,,,"     ",6.60,2157.95,0.93
2708,637895728,"02708M13:01:19.524","02708 13:39:00",261.87,692.64,,,,"     ",6.60,2150.67,0.92
2708,637895729,"02708M13:01:20.498","02708 13:39:01",261.94,692.70,,,,"     ",6.60,2152.46,0.92
2708,637895730,"02708M13:01:21.471","02708 13:39:02",262.01,692.63,,,,"     ",6.60,2196.68,0.94
2708,637895731,"02708M13:01:22.444","02708 13:39:03",262.07,692.63,,,,"     ",6.60,2212.21,0.95
2708,637895732,"02708M13:01:23.417","02708 13:39:04",262.12,692.70,,,,"     ",6.60,2170.35,0.93
2708,637895733,"02708M13:01:24.391","02708 13:39:05",262.17,692.75,,,,"     ",6.60,2183.05,0.93
2708,637895734,"02708M13:01:25.364","02708 13:39:06",262.21,692.79,,,,"     ",6.60,2190.19,0.93
2708,637895735,"02708M13:01:26.337","02708 13:39:07",262.26,692.69,,,,"     ",6.60,2186.73,0.93
2708,637895736,"02708M13:01:27.310","02708 13:39:08",262.30,692.76,,,,"     ",6.60,2152.73,0.91
2708,637895737,"02708M13:01:28.284","02708 13:39:09",262.34,692.76,,,,"     ",6.60,2191.86,0.93
2708,637895738,"02708M13:01:29.257","02708 13:39:10",262.37,692.80,,,,"     ",6.60,2165.20,0.92
2708,637895739,"02708M13:01:30.230","02708 13:39:11",262.40,692.70,,,,"     ",6.60,2215.44,0.94
2708,637895740,"02708M13:01:31.204","02708 13:39:12",262.43,692.69,,,,"     ",6.60,2209.98,0.93
2708,637895741,"02708M13:01:32.177","02708 13:39:13",262.46,692.62,,,,"     ",6.60,2255.45,0.95
2708,637895742,"02708M13:01:33.150","02708 13:39:14",262.48,692.58,,,,"     ",6.60,2211.29,0.93
2708,637895743,"02708M13:01:34.123","02708 13:39:15",262.50,692.62,,,,"     ",6.60,2216.97,0.93
2708,637895744,"02708M13:01:35.097","02708 13:39:16",262.52,692.64,,,,"     ",6.60,2223.04,0.94
2708,637899402,"02708M14:00:55.258","02708 14:38:36",263.52,683.17,,,,"     ",6.60,,
2708,637899403,"02708M14:00:56.232","02708 14:38:37",263.63,683.22,,,,"     ",6.60,2453.55,0.86
2708,637899404,"02708M14:00:57.205","02708 14:38:38",263.74,683.25,,,,"     ",6.60,2452.10,0.86
2708,637899405,"02708M14:00:58.178","02708 14:38:39",263.84,683.16,,,,"     ",6.60,2455.55,0.86
2708,637899406,"02708M14:00:59.151","02708 14:38:40",263.93,683.25,,,,"     ",6.60,2463.57,0.86
2708,637899407,"02708M14:01:00.125","02708 14:38:41",264.02,683.11,,,,"     ",6.60,2473.28,0.86
2708,637899408,"02708M14:01:01.098","02708 14:38:42",264.10,683.20,,,,"     ",6.60,2488.24,0.86
2708,637899409,"02708M14:01:02.071","02708 14:38:43",264.18,683.22,,,,"     ",6.60,2510.40,0.87
2708,637899410,"02708M14:01:03.044","02708 14:38:44",264.25,683.22,,,,"     ",6.60,2481.99,0.86
2708,637899411,"02708M14:01:04.018","02708 14:38:45",264.31,683.13,,,,"     ",6.60,2467.94,0.85
2708,637899412,"02708M14:01:04.991","02708 14:38:46",264.37,683.09,,,,"     ",6.60,2477.81,0.85
2708,637899413,"02708M14:01:05.964","02708 14:38:47",264.43,683.08,,,,"     ",6.60,2496.64,0.86
2708,637899414,"02708M14:01:06.937","02708 14:38:48",264.47,683.10,,,,"     ",6.60,2520.43,0.87
2708,637899415,"02708M14:01:07.911","02708 14:38:49",264.51,683.11,,,,"     ",6.60,2519.20,0.87
2708,637899416,"02708M14:01:08.884","02708 14:38:50",264.55,683.04,,,,"     ",6.60,2452.41,0.84
2708,637899417,"02708M14:01:09.857","02708 14:38:51",264.59,683.08,,,,"     ",6.60,2476.60,0.85
2708,637899418,"02708M14:01:10.830","02708 14:38:52",264.62,683.11,,,,"     ",6.60,2502.16,0.85
2708,637899419,"02708M14:01:11.804","02708 14:38:53",264.66,683.08,,,,"     ",6.60,2499.06,0.85
2708,637899420,"02708M14:01:12.777","02708 14:38:54",264.68,683.09,,,,"     ",6.60,2472.48,0.84
2708,637899421,"02708M14:01:13.750","02708 14:38:55",264.71,683.10,,,,"     ",6.60,2506.58,0.85
2708,637899422,"02708M14:01:14.723","02708 14:38:56",264.73,683.11,,,,"     ",6.60,2541.77,0.86
2708,637899423,"02708M14:01:15.697","02708 14:38:57",264.74,683.04,,,,"     ",6.60,2498.47,0.85
2708,637899424,"02708M14:01:16.670","02708 14:38:58",264.75,683.01,,,,"     ",6.60,2498.23,0.85
2708,637899425,"02708M14:01:17.643","02708 14:38:59",264.73,683.11,,,,"     ",6.60,2497.84,0.84
2708,637899426,"02708M14:01:18.616","02708 14:39:00",264.69,683.01,,,,"     ",6.60,2547.92,0.86
2708,637899427,"02708M14:01:19.590","02708 14:39:01",264.66,683.11,,,,"     ",6.60,2459.41,0.83
2708,637899428,"02708M14:01:20.563","02708 14:39:02",264.62,683.10,,,,"     ",6.60,2513.75,0.85
2708,637899429,"02708M14:01:21.536","02708 14:39:03",264.57,683.08,,,,"     ",6.60,2511.68,0.85
2708,637899430,"02708M14:01:22.509","02708 14:39:04",264.51,683.12,,,,"     ",6.60,2503.10,0.84
2708,637899431,"02708M14:01:23.483","02708 14:39:05",264.45,683.08,,,,"     ",6.60,2506.57,0.84
2708,637899432,"02708M14:01:24.456","02708 14:39:06",264.38,683.07,,,,"     ",6.60,2511.65,0.84
2708,637899433,"02708M14:01:25.429","02708 14:39:07",264.31,683.18,,,,"     ",6.60,2525.59,0.85
2708,637899434,"02708M14:01:26.402","02708 14:39:08",264.23,683.07,,,,"     ",6.60,2542.29,0.85
2708,637899435,"02708M14:01:27.376","02708 14:39:09",264.15,683.06,,,,"     ",6.60,2559.69,0.86
2708,637899436,"02708M14:01:28.349","02708 14:39:09",264.06,683.05,,,,"     ",6.60,2527.45,0.84
2708,637899437,"02708M14:01:29.322","02708 14:39:10",263.96,683.04,,,,"     ",6.60,2541.41,0.85
2708,637899438,"02708M14:01:30.295","02708 14:39:11",263.85,683.07,,,,"     ",6.60,2546.75,0.85
2708,637903096,"02708M15:00:50.457","02708 15:38:32",264.41,676.52,,,,"     ",6.60,,
2708,637903097,"02708M15:00:51.430","02708 15:38:33",264.32,676.46,,,,"     ",6.60,2783.22,0.80
2708,637903098,"02708M15:00:52.404","02708 15:38:34",264.23,676.46,,,,"     ",6.60,2699.14,0.78
2708,637903099,"02708M15:00:53.377","02708 15:38:35",264.16,676.42,,,,"     ",6.60,2762.47,0.79
2708,637903100,"02708M15:00:54.350","02708 15:38:36",264.09,676.46,,,,"     ",6.60,2726.87,0.78
2708,637903101,"02708M15:00:55.323","02708 15:38:37",264.03,676.42,,,,"     ",6.60,2724.39,0.78
2708,637903102,"02708M15:00:56.297","02708 15:38:38",263.98,676.49,,,,"     ",6.60,2763.10,0.79
2708,637903103,"02708M15:00:57.270","02708 15:38:39",263.93,676.44,,,,"     ",6.60,2776.84,0.79
2708,637903104,"02708M15:00:58.243","02708 15:38:40",263.88,676.49,,,,"     ",6.60,2741.49,0.78
2708,637903105,"02708M15:00:59.216","02708 15:38:41",263.85,676.38,,,,"     ",6.60,2750.79,0.78
2708,637903106,"02708M15:01:00.190","02708 15:38:42",263.82,676.42,,,,"     ",6.60,2728.34,0.78
2708,637903107,"02708M15:01:01.163","02708 15:38:43",263.79,676.48,,,,"     ",6.60,2799.62,0.80
2708,637903108,"02708M15:01:02.136","02708 15:38:44",263.78,676.37,,,,"     ",6.60,2751.23,0.78
2708,637903109,"02708M15:01:03.109","02708 15:38:45",263.78,676.43,,,,"     ",6.60,2755.96,0.78
2708,637903110,"02708M15:01:04.083","02708 15:38:46",263.78,676.45,,,,"     ",6.60,2780.58,0.79
2708,637903111,"02708M15:01:05.056","02708 15:38:46",263.76,676.45,,,,"     ",6.60,2726.05,0.77
2708,637903112,"02708M15:01:06.029","02708 15:38:47",263.75,676.49,,,,"     ",6.60,2718.51,0.77
2708,637903113,"02708M15:01:07.002","02708 15:38:48",263.74,676.46,,,,"     ",6.60,2756.30,0.78
2708,637903114,"02708M15:01:07.976","02708 15:38:49",263.73,676.41,,,,"     ",6.60,2752.73,0.78
2708,637903115,"02708M15:01:08.949","02708 15:38:50",263.74,676.32,,,,"     ",6.60,2760.37,0.78
2708,637903116,"02708M15:01:09.922","02708 15:38:51",263.76,676.32,,,,"     ",6.60,2789.11,0.79
2708,637903117,"02708M15:01:10.895","02708 15:38:52",263.80,676.35,,,,"     ",6.60,2733.59,0.77
2708,637903118,"02708M15:01:11.869","02708 15:38:53",263.85,676.35,,,,"     ",6.60,2757.50,0.78
2708,637903119,"02708M15:01:12.842","02708 15:38:54",263.91,676.35,,,,"     ",6.60,2802.77,0.79
2708,637903120,"02708M15:01:13.815","02708 15:38:55",263.97,676.36,,,,"     ",6.60,2765.58,0.78
2708,637903121,"02708M15:01:14.788","02708 15:38:56",264.03,676.40,,,,"     ",6.60,2762.95,0.77
2708,637903122,"02708M15:01:15.762","02708 15:38:57",264.10,676.37,,,,"     ",6.60,2822.12,0.79
2708,637903123,"02708M15:01:16.735","02708 15:38:58",264.18,676.41,,,,"     ",6.60,2759.22,0.77
2708,637903124,"02708M15:01:17.708","02708 15:38:59",264.25,676.44,,,,"     ",6.60,2776.59,0.78
2708,637903125,"02708M15:01:18.681","02708 15:39:00",264.34,676.37,,,,"     ",6.60,2776.15,0.78
2708,637903126,"02708M15:01:19.655","02708 15:39:01",264.43,676.46,,,,"     ",6.60,2757.53,0.77
2708,637903127,"02708M15:01:20.628","02708 15:39:02",264.52,676.38,,,,"     ",6.60,2815.77,0.79
2708,637903128,"02708M15:01:21.601","02708 15:39:03",264.62,676.37,,,,"     ",6.60,2786.82,0.78
2708,637903129,"02708M15:01:22.574","02708 15:39:04",264.72,676.44,,,,"     ",6.60,2769.52,0.77
2708,637903130,"02708M15:01:23.548","02708 15:39:05",264.82,676.39,,,,"     ",6.60,2840.67,0.79
2708,637903131,"02708M15:01:24.521","02708 15:39:06",264.94,676.36,,,,"     ",6.60,2874.54,0.80
2708,637903132,"02708M15:01:25.494","02708 15:39:07",265.05,676.35,,,,"     ",6.60,2793.96,0.78
2708,637906806,"02708M16:01:01.228","02708 16:38:43",266.06,673.26,,,,"     ",6.60,,
2708,637906807,"02708M16:01:02.201","02708 16:38:44",266.12,673.21,,,,"     ",6.60,2332.52,0.89
2708,637906808,"02708M16:01:03.175","02708 16:38:45",266.18,673.25,,,,"     ",6.60,2322.78,0.88
2708,637906809,"02708M16:01:04.148","02708 16:38:46",266.22,673.28,,,,"     ",6.60,2322.37,0.88
2708,637906810,"02708M16:01:05.121","02708 16:38:47",266.27,673.26,,,,"     ",6.60,2269.02,0.86
2708,637906811,"02708M16:01:06.094","02708 16:38:48",266.31,673.25,,,,"     ",6.60,2335.28,0.88
2708,637906812,"02708M16:01:07.068","02708 16:38:49",266.34,673.29,,,,"     ",6.60,2347.04,0.89
2708,637906813,"02708M16:01:08.041","02708 16:38:50",266.37,673.30,,,,"     ",6.60,2322.19,0.88
2708,637906814,"02708M16:01:09.014","02708 16:38:51",266.40,673.27,,,,"     ",6.60,2304.35,0.87
2708,637906815,"02708M16:01:09.987","02708 16:38:52",266.42,673.27,,,,"     ",6.60,2352.59,0.89
2708,637906816,"02708M16:01:10.961","02708 16:38:53",266.44,673.31,,,,"     ",6.60,2295.30,0.86
2708,637906817,"02708M16:01:11.934","02708 16:38:54",266.46,673.21,,,,"     ",6.60,2329.85,0.88
2708,637906818,"02708M16:01:12.907","02708 16:38:55",266.47,673.26,,,,"     ",6.60,2384.26,0.89
2708,637906819,"02708M16:01:13.880","02708 16:38:56",266.47,673.27,,,,"     ",6.60,2362.62,0.89
2708,637906820,"02708M16:01:14.854","02708 16:38:57",266.46,673.18,,,,"     ",6.60,2308.68,0.86
2708,637906821,"02708M16:01:15.827","02708 16:38:58",266.46,673.10,,,,"     ",6.60,2360.51,0.88
2708,637906822,"02708M16:01:16.800","02708 16:38:59",266.46,673.15,,,,"     ",6.60,2349.48,0.88
2708,637906823,"02708M16:01:17.773","02708 16:38:59",266.47,673.12,,,,"     ",6.60,2356.12,0.88
2708,637906824,"02708M16:01:18.747","02708 16:39:00",266.48,673.17,,,,"     ",6.60,2352.30,0.88
2708,637906825,"02708M16:01:19.720","02708 16:39:01",266.48,673.14,,,,"     ",6.60,2356.37,0.88
2708,637906826,"02708M16:01:20.693","02708 16:39:02",266.49,673.17,,,,"     ",6.60,2354.97,0.88
2708,637906827,"02708M16:01:21.666","02708 16:39:03",266.49,673.22,,,,"     ",6.60,2375.49,0.88
2708,637906828,"02708M16:01:22.640","02708 16:39:04",266.50,673.23,,,,"     ",6.60,2347.41,0.87
2708,637906829,"02708M16:01:23.613","02708 16:39:05",266.49,673.12,,,,"     ",6.60,2348.22,0.87
2708,637906830,"02708M16:01:24.586","02708 16:39:06",266.47,673.22,,,,"     ",6.60,2390.78,0.89
2708,637906831,"02708M16:01:25.559","02708 16:39:07",266.45,673.23,,,,"     ",6.60,2346.17,0.87
2708,637906832,"02708M16:01:26.533","02708 16:39:08",266.43,673.18,,,,"     ",6.60,2340.97,0.86
2708,637906833,"02708M16:01:27.506","02708 16:39:09",266.40,673.22,,,,"     ",6.60,2383.34,0.88
2708,637906834,"02708M16:01:28.479","02708 16:39:10",266.36,673.26,,,,"     ",6.60,2353.27,0.87
2708,637906835,"02708M16:01:29.452","02708 16:39:11",266.32,673.24,,,,"     ",6.60,2366.86,0.87
2708,637906836,"02708M16:01:30.426","02708 16:39:12",266.28,673.24,,,,"     ",6.60,2408.63,0.89
2708,637906837,"02708M16:01:31.399","02708 16:39:13",266.23,673.09,,,,"     ",6.60,2374.04,0.87
2708,637906838,"02708M16:01:32.372","02708 16:39:14",266.17,673.17,,,,"     ",6.60,2394.92,0.88
2708,637906839,"02708M16:01:33.345","02708 16:39:15",266.11,673.08,,,,"     ",6.60,2386.52,0.88
2708,637906840,"02708M16:01:34.319","02708 16:39:16",266.05,673.13,,,,"     ",6.60,2369.77,0.87
2708,637906841,"02708M16:01:35.292","02708 16:39:17",265.98,673.04,,,,"     ",6.60,2395.99,0.88
2708,637906842,"02708M16:01:36.265","02708 16:39:18",265.91,673.08,,,,"     ",6.60,2356.95,0.86
2708,637910500,"02708M17:00:56.427","02708 17:38:38",246.58,674.93,,,,"     ",6.60,,
2708,637910501,"02708M17:00:57.400","02708 17:38:39",246.50,674.99,,,,"     ",6.60,1135.13,1.41
2708,637910502,"02708M17:00:58.373","02708 17:38:40",246.43,674.97,,,,"     ",6.60,1115.29,1.38
2708,637910503,"02708M17:00:59.347","02708 17:38:41",246.35,675.01,,,,"     ",6.60,1122.78,1.39
2708,637910504,"02708M17:01:00.320","02708 17:38:42",246.29,675.05,,,,"     ",6.60,1119.50,1.38
2708,637910505,"02708M17:01:01.293","02708 17:38:43",246.23,674.95,,,,"     ",6.60,1127.00,1.39
2708,637910506,"02708M17:01:02.266","02708 17:38:44",246.17,675.07,,,,"     ",6.60,1123.38,1.38
2708,637910507,"02708M17:01:03.240","02708 17:38:45",246.12,675.11,,,,"     ",6.60,1113.40,1.37
2708,637910508,"02708M17:01:04.213","02708 17:38:46",246.07,675.03,,,,"     ",6.60,1118.76,1.37
2708,637910509,"02708M17:01:05.186","02708 17:38:47",246.03,675.04,,,,"     ",6.60,1128.25,1.38
2708,637910510,"02708M17:01:06.159","02708 17:38:48",245.99,674.96,,,,"     ",6.60,1129.06,1.38
2708,637910511,"02708M17:01:07.133","02708 17:38:49",245.96,675.13,,,,"     ",6.60,1129.79,1.38
2708,637910512,"02708M17:01:08.106","02708 17:38:50",245.93,675.03,,,,"     ",6.60,1131.59,1.38
2708,637910513,"02708M17:01:09.079","02708 17:38:51",245.91,675.02,,,,"     ",6.60,1122.79,1.37
2708,637910514,"02708M17:01:10.052","02708 17:38:52",245.89,675.03,,,,"     ",6.60,1126.74,1.38
2708,637910515,"02708M17:01:11.026","02708 17:38:53",245.89,675.06,,,,"     ",6.60,1128.48,1.38
2708,637910516,"02708M17:01:11.999","02708 17:38:54",245.89,675.10,,,,"     ",6.60,1124.87,1.37
2708,637910517,"02708M17:01:12.972","02708 17:38:55",245.91,675.06,,,,"     ",6.60,1129.43,1.38
2708,637910518,"02708M17:01:13.945","02708 17:38:56",245.93,675.05,,,,"     ",6.60,1127.08,1.37
2708,637910519,"02708M17:01:14.919","02708 17:38:57",245.95,674.99,,,,"     ",6.60,1138.27,1.38
2708,637910520,"02708M17:01:15.892","02708 17:38:58",245.96,675.04,,,,"     ",6.60,1126.18,1.37
2708,637910521,"02708M17:01:16.865","02708 17:38:59",245.97,675.11,,,,"     ",6.60,1121.60,1.36
2708,637910522,"02708M17:01:17.838","02708 17:39:00",245.96,675.06,,,,"     ",6.60,1118.91,1.36
2708,637910523,"02708M17:01:18.812","02708 17:39:01",245.94,675.02,,,,"     ",6.60,1130.56,1.37
2708,637910524,"02708M17:01:19.785","02708 17:39:02",245.92,675.08,,,,"     ",6.60,1154.07,1.40
2708,637910525,"02708M17:01:20.758","02708 17:39:03",245.89,675.09,,,,"     ",6.60,1134.10,1.37
2708,637910526,"02708M17:01:21.731","02708 17:39:04",245.86,675.04,,,,"     ",6.60,1137.22,1.38
2708,637910527,"02708M17:01:22.705","02708 17:39:05",245.82,675.07,,,,"     ",6.60,1135.35,1.37
2708,637910528,"02708M17:01:23.678","02708 17:39:06",245.78,675.09,,,,"     ",6.60,1147.38,1.39
2708,637910529,"02708M17:01:24.651","02708 17:39:07",245.73,675.10,,,,"     ",6.60,1143.26,1.38
2708,637910530,"02708M17:01:25.624","02708 17:39:08",245.68,675.07,,,,"     ",6.60,1127.41,1.36
2708,637910531,"02708M17:01:26.598","02708 17:39:09",245.63,675.11,,,,"     ",6.60,1126.79,1.36
2708,637910532,"02708M17:01:27.571","02708 17:39:10",245.57,675.07,,,,"     ",6.60,1141.35,1.38
2708,637910533,"02708M17:01:28.544","02708 17:39:11",245.51,675.07,,,,"     ",6.60,1139.68,1.37
2708,637910534,"02708M17:01:29.518","02708 17:39:12",245.44,675.15,,,,"     ",6.60,1161.58,1.40
2708,637910535,"02708M17:01:30.491","02708 17:39:12",245.37,675.22,,,,"     ",6.60,1143.93,1.38
2708,637910536,"02708M17:01:31.464","02708 17:39:13",245.29,675.14,,,,"     ",6.60,1128.53,1.36
2708,637914194,"02708M18:00:51.626","02708 18:38:34",229.90,686.94,,,,"     ",6.60,,
2708,637914195,"02708M18:00:52.599","02708 18:38:35",229.92,686.97,,,,"     ",6.60,383.79,2.43
2708,637914196,"02708M18:00:53.572","02708 18:38:36",229.94,686.97,,,,"     ",6.60,385.21,2.44
2708,637914197,"02708M18:00:54.546","02708 18:38:37",229.96,686.84,,,,"     ",6.60,384.64,2.43
2708,637914198,"02708M18:00:55.519","02708 18:38:38",229.99,686.84,,,,"     ",6.60,385.38,2.43
2708,637914199,"02708M18:00:56.492","02708 18:38:39",230.01,686.83,,,,"     ",6.60,386.34,2.43
2708,637914200,"02708M18:00:57.465","02708 18:38:40",230.03,686.81,,,,"     ",6.60,390.37,2.45
2708,637914201,"02708M18:00:58.439","02708 18:38:41",230.05,686.93,,,,"     ",6.60,391.05,2.45
2708,637914202,"02708M18:00:59.412","02708 18:38:42",230.07,686.91,,,,"     ",6.60,391.85,2.45
2708,637914203,"02708M18:01:00.385","02708 18:38:43",230.09,686.87,,,,"     ",6.60,393.70,2.46
2708,637914204,"02708M18:01:01.358","02708 18:38:44",230.11,686.87,,,,"     ",6.60,390.34,2.43
2708,637914205,"02708M18:01:02.332","02708 18:38:45",230.13,686.89,,,,"     ",6.60,391.30,2.44
2708,637914206,"02708M18:01:03.305","02708 18:38:46",230.15,686.90,,,,"     ",6.60,390.68,2.43
2708,637914207,"02708M18:01:04.278","02708 18:38:47",230.17,686.99,,,,"     ",6.60,393.30,2.44
2708,637914208,"02708M18:01:05.251","02708 18:38:48",230.18,686.92,,,,"     ",6.60,390.25,2.42
2708,637914209,"02708M18:01:06.225","02708 18:38:49",230.21,686.94,,,,"     ",6.60,391.96,2.42
2708,637914210,"02708M18:01:07.198","02708 18:38:49",230.23,686.97,,,,"     ",6.60,390.72,2.41
2708,637914211,"02708M18:01:08.171","02708 18:38:50",230.25,686.98,,,,"     ",6.60,392.30,2.42
2708,637914212,"02708M18:01:09.144","02708 18:38:51",230.27,687.07,,,,"     ",6.60,390.73,2.41
2708,637914213,"02708M18:01:10.118","02708 18:38:52",230.28,686.95,,,,"     ",6.60,393.25,2.42
2708,637914214,"02708M18:01:11.091","02708 18:38:53",230.28,687.00,,,,"     ",6.60,391.70,2.40
2708,637914215,"02708M18:01:12.064","02708 18:38:54",230.28,686.95,,,,"     ",6.60,393.97,2.42
2708,637914216,"02708M18:01:13.037","02708 18:38:55",230.28,687.01,,,,"     ",6.60,391.43,2.40
2708,637914217,"02708M18:01:14.011","02708 18:38:56",230.27,687.02,,,,"     ",6.60,391.13,2.39
2708,637914218,"02708M18:01:14.984","02708 18:38:57",230.26,686.99,,,,"     ",6.60,392.20,2.40
2708,637914219,"02708M18:01:15.957","02708 18:38:58",230.26,687.10,,,,"     ",6.60,389.70,2.38
2708,637914220,"02708M18:01:16.930","02708 18:38:59",230.25,687.10,,,,"     ",6.60,394.30,2.40
2708,637914221,"02708M18:01:17.904","02708 18:39:00",230.24,687.02,,,,"     ",6.60,390.63,2.38
2708,637914222,"02708M18:01:18.877","02708 18:39:01",230.24,687.05,,,,"     ",6.60,392.46,2.39
2708,637914223,"02708M18:01:19.850","02708 18:39:02",230.23,687.10,,,,"     ",6.60,392.33,2.38
2708,637914224,"02708M18:01:20.823","02708 18:39:03",230.22,687.02,,,,"     ",6.60,395.83,2.40
2708,637914225,"02708M18:01:21.797","02708 18:39:04",230.21,686.99,,,,"     ",6.60,393.78,2.39
2708,637914226,"02708M18:01:22.770","02708 18:39:05",230.19,686.95,,,,"     ",6.60,393.13,2.38
2708,637914227,"02708M18:01:23.743","02708 18:39:06",230.18,686.98,,,,"     ",6.60,394.28,2.38
2708,637914228,"02708M18:01:24.716","02708 18:39:07",230.17,686.98,,,,"     ",6.60,395.76,2.39
2708,637914229,"02708M18:01:25.690","02708 18:39:08",230.16,686.97,,,,"     ",6.60,397.18,2.40
2708,637914230,"02708M18:01:26.663","02708 18:39:09",230.14,686.96,,,,"     ",6.60,398.28,2.40
2708,637917888,"02708M19:00:46.825","02708 19:38:29",229.15,712.53,,,,"     ",6.60,,
2708,637917889,"02708M19:00:47.798","02708 19:38:30",229.14,712.47,,,,"     ",6.60,279.97,3.36
2708,637917890,"02708M19:00:48.771","02708 19:38:31",229.14,712.48,,,,"     ",6.60,278.90,3.34
2708,637917891,"02708M19:00:49.744","02708 19:38:32",229.13,712.46,,,,"     ",6.60,279.38,3.34
2708,637917892,"02708M19:00:50.718","02708 19:38:33",229.13,712.54,,,,"     ",6.60,280.80,3.35
2708,637917893,"02708M19:00:51.691","02708 19:38:34",229.13,712.49,,,,"     ",6.60,279.73,3.33
2708,637917894,"02708M19:00:52.664","02708 19:38:35",229.13,712.54,,,,"     ",6.60,282.68,3.36
2708,637917895,"02708M19:00:53.637","02708 19:38:36",229.14,712.43,,,,"     ",6.60,283.81,3.37
2708,637917896,"02708M19:00:54.611","02708 19:38:37",229.15,712.48,,,,"     ",6.60,283.50,3.35
2708,637917897,"02708M19:00:55.584","02708 19:38:38",229.16,712.51,,,,"     ",6.60,282.51,3.34
2708,637917898,"02708M19:00:56.557","02708 19:38:39",229.17,712.44,,,,"     ",6.60,284.32,3.35
2708,637917899,"02708M19:00:57.530","02708 19:38:40",229.19,712.42,,,,"     ",6.60,283.25,3.33
2708,637917900,"02708M19:00:58.504","02708 19:38:41",229.21,712.37,,,,"     ",6.60,285.80,3.35
2708,637917901,"02708M19:00:59.477","02708 19:38:42",229.24,712.39,,,,"     ",6.60,285.91,3.35
2708,637917902,"02708M19:01:00.450","02708 19:38:43",229.26,712.34,,,,"     ",6.60,289.14,3.38
2708,637917903,"02708M19:01:01.423","02708 19:38:44",229.29,712.35,,,,"     ",6.60,288.85,3.37
2708,637917904,"02708M19:01:02.397","02708 19:38:45",229.32,712.47,,,,"     ",6.60,290.24,3.38
2708,637917905,"02708M19:01:03.370","02708 19:38:46",229.35,712.44,,,,"     ",6.60,290.38,3.38
2708,637917906,"02708M19:01:04.343","02708 19:38:47",229.38,712.38,,,,"     ",6.60,291.72,3.39
2708,637917907,"02708M19:01:05.316","02708 19:38:48",229.41,712.44,,,,"     ",6.60,290.71,3.37
2708,637917908,"02708M19:01:06.290","02708 19:38:49",229.44,712.46,,,,"     ",6.60,292.52,3.38
2708,637917909,"02708M19:01:07.263","02708 19:38:50",229.47,712.46,,,,"     ",6.60,292.06,3.37
2708,637917910,"02708M19:01:08.236","02708 19:38:51",229.49,712.50,,,,"     ",6.60,293.84,3.39
2708,637917911,"02708M19:01:09.209","02708 19:38:52",229.50,712.50,,,,"     ",6.60,291.51,3.35
2708,637917912,"02708M19:01:10.183","02708 19:38:53",229.51,712.57,,,,"     ",6.60,293.34,3.37
2708,637917913,"02708M19:01:11.156","02708 19:38:54",229.53,712.50,,,,"     ",6.60,292.60,3.36
2708,637917914,"02708M19:01:12.129","02708 19:38:55",229.54,712.52,,,,"     ",6.60,293.95,3.37
2708,637917915,"02708M19:01:13.102","02708 19:38:56",229.55,712.61,,,,"     ",6.60,293.92,3.36
2708,637917916,"02708M19:01:14.076","02708 19:38:57",229.55,712.57,,,,"     ",6.60,295.81,3.38
2708,637917917,"02708M19:01:15.049","02708 19:38:58",229.55,712.57,,,,"     ",6.60,295.55,3.37
2708,637917918,"02708M19:01:16.022","02708 19:38:59",229.55,712.53,,,,"     ",6.60,294.49,3.35
2708,637917919,"02708M19:01:16.995","02708 19:39:00",229.54,712.56,,,,"     ",6.60,296.36,3.37
2708,637917920,"02708M19:01:17.969","02708 19:39:01",229.53,712.60,,,,"     ",6.60,293.61,3.33
2708,637917921,"02708M19:01:18.942","02708 19:39:02",229.52,712.61,,,,"     ",6.60,294.90,3.34
2708,637917922,"02708M19:01:19.915","02708 19:39:02",229.50,712.63,,,,"     ",6.60,295.24,3.34
2708,637917923,"02708M19:01:20.888","02708 19:39:03",229.48,712.66,,,,"     ",6.60,293.43,3.32
2708,637917924,"02708M19:01:21.862","02708 19:39:04",229.46,712.59,,,,"     ",6.60,294.37,3.32
2708,637921598,"02708M20:00:57.596","02708 20:38:40",223.71,717.15,,,,"     ",6.60,,
2708,637921599,"02708M20:00:58.569","02708 20:38:41",223.70,717.12,,,,"     ",6.60,218.09,4.77
2708,637921600,"02708M20:00:59.542","02708 20:38:42",223.68,717.15,,,,"     ",6.60,219.57,4.78
2708,637921601,"02708M20:01:00.515","02708 20:38:43",223.67,717.13,,,,"     ",6.60,219.37,4.77
2708,637921602,"02708M20:01:01.489","02708 20:38:44",223.65,717.16,,,,"     ",6.60,219.25,4.75
2708,637921603,"02708M20:01:02.462","02708 20:38:45",223.64,717.19,,,,"     ",6.60,219.23,4.74
2708,637921604,"02708M20:01:03.435","02708 20:38:46",223.63,717.09,,,,"     ",6.60,220.31,4.75
2708,637921605,"02708M20:01:04.408","02708 20:38:47",223.61,717.14,,,,"     ",6.60,218.33,4.70
2708,637921606,"02708M20:01:05.382","02708 20:38:48",223.60,717.15,,,,"     ",6.60,219.80,4.72
2708,637921607,"02708M20:01:06.355","02708 20:38:49",223.59,717.03,,,,"     ",6.60,217.99,4.67
2708,637921608,"02708M20:01:07.328","02708 20:38:50",223.58,717.01,,,,"     ",6.60,219.44,4.69
2708,637921609,"02708M20:01:08.301","02708 20:38:51",223.57,717.13,,,,"     ",6.60,219.72,4.68
2708,637921610,"02708M20:01:09.275","02708 20:38:52",223.56,717.01,,,,"     ",6.60,219.02,4.66
2708,637921611,"02708M20:01:10.248","02708 20:38:53",223.56,717.12,,,,"     ",6.60,218.65,4.64
2708,637921612,"02708M20:01:11.221","02708 20:38:54",223.55,717.12,,,,"     ",6.60,221.85,4.70
2708,637921613,"02708M20:01:12.194","02708 20:38:55",223.55,717.07,,,,"     ",6.60,220.51,4.66
2708,637921614,"02708M20:01:13.168","02708 20:38:56",223.55,717.09,,,,"     ",6.60,221.26,4.67
2708,637921615,"02708M20:01:14.141","02708 20:38:57",223.55,717.09,,,,"     ",6.60,222.33,4.68
2708,637921616,"02708M20:01:15.114","02708 20:38:58",223.55,717.09,,,,"     ",6.60,220.95,4.65
2708,637921617,"02708M20:01:16.087","02708 20:38:59",223.55,717.16,,,,"     ",6.60,221.62,4.65
2708,637921618,"02708M20:01:17.061","02708 20:39:00",223.56,717.11,,,,"     ",6.60,221.83,4.65
2708,637921619,"02708M20:01:18.034","02708 20:39:01",223.56,717.13,,,,"     ",6.60,221.53,4.63
2708,637921620,"02708M20:01:19.007","02708 20:39:02",223.58,717.17,,,,"     ",6.60,221.63,4.63
2708,637921621,"02708M20:01:19.980","02708 20:39:03",223.58,717.04,,,,"     ",6.60,223.00,4.65
2708,637921622,"02708M20:01:20.954","02708 20:39:04",223.57,717.18,,,,"     ",6.60,221.89,4.62
2708,637921623,"02708M20:01:21.927","02708 20:39:05",223.57,717.17,,,,"     ",6.60,222.39,4.62
2708,637921624,"02708M20:01:22.900","02708 20:39:06",223.56,717.11,,,,"     ",6.60,221.48,4.60
2708,637921625,"02708M20:01:23.873","02708 20:39:07",223.55,717.05,,,,"     ",6.60,221.72,4.60
2708,637921626,"02708M20:01:24.847","02708 20:39:08",223.54,717.02,,,,"     ",6.60,222.81,4.61
2708,637921627,"02708M20:01:25.820","02708 20:39:09",223.52,716.98,,,,"     ",6.60,221.11,4.57
2708,637921628,"02708M20:01:26.793","02708 20:39:10",223.51,717.01,,,,"     ",6.60,221.48,4.57
2708,637921629,"02708M20:01:27.766","02708 20:39:11",223.49,717.02,,,,"     ",6.60,221.09,4.56
2708,637921630,"02708M20:01:28.740","02708 20:39:12",223.46,717.06,,,,"     ",6.60,220.31,4.53
2708,637921631,"02708M20:01:29.713","02708 20:39:13",223.44,716.98,,,,"     ",6.60,219.95,4.52
2708,637921632,"02708M20:01:30.686","02708 20:39:14",223.41,717.07,,,,"     ",6.60,221.91,4.56
2708,637921633,"02708M20:01:31.659","02708 20:39:15",223.34,716.99,,,,"     ",6.60,220.65,4.52
2708,637921634,"02708M20:01:32.633","02708 20:39:15",223.30,716.99,,,,"     ",6.60,219.86,4.50
2708,637925292,"02708M21:00:52.794","02708 21:38:36",221.64,717.05,,,,"     ",6.60,,
2708,637925293,"02708M21:00:53.768","02708 21:38:37",221.63,717.03,,,,"     ",6.60,182.40,5.29
2708,637925294,"02708M21:00:54.741","02708 21:38:38",221.63,717.00,,,,"     ",6.60,180.26,5.21
2708,637925295,"02708M21:00:55.714","02708 21:38:39",221.62,717.10,,,,"     ",6.60,181.13,5.22
2708,637925296,"02708M21:00:56.687","02708 21:38:40",221.61,717.05,,,,"     ",6.60,181.89,5.24
2708,637925297,"02708M21:00:57.661","02708 21:38:41",221.60,717.06,,,,"     ",6.60,180.39,5.18
2708,637925298,"02708M21:00:58.634","02708 21:38:42",221.59,717.05,,,,"     ",6.60,181.73,5.20
2708,637925299,"02708M21:00:59.607","02708 21:38:43",221.58,717.06,,,,"     ",6.60,180.60,5.15
2708,637925300,"02708M21:01:00.580","02708 21:38:44",221.57,716.99,,,,"     ",6.60,180.70,5.15
2708,637925301,"02708M21:01:01.554","02708 21:38:45",221.56,716.97,,,,"     ",6.60,181.41,5.15
2708,637925302,"02708M21:01:02.527","02708 21:38:46",221.54,717.07,,,,"     ",6.60,181.39,5.14
2708,637925303,"02708M21:01:03.500","02708 21:38:47",221.53,717.07,,,,"     ",6.60,182.35,5.16
2708,637925304,"02708M21:01:04.473","02708 21:38:48",221.51,716.96,,,,"     ",6.60,181.69,5.13
2708,637925305,"02708M21:01:05.447","02708 21:38:49",221.49,717.03,,,,"     ",6.60,182.44,5.14
2708,637925306,"02708M21:01:06.420","02708 21:38:50",221.48,717.02,,,,"     ",6.60,181.54,5.10
2708,637925307,"02708M21:01:07.393","02708 21:38:51",221.48,717.06,,,,"     ",6.60,182.05,5.10
2708,637925308,"02708M21:01:08.366","02708 21:38:52",221.47,717.09,,,,"     ",6.60,182.75,5.11
2708,637925309,"02708M21:01:09.340","02708 21:38:52",221.46,717.11,,,,"     ",6.60,182.01,5.08
2708,637925310,"02708M21:01:10.313","02708 21:38:53",221.43,717.18,,,,"     ",6.60,181.56,5.06
2708,637925311,"02708M21:01:11.286","02708 21:38:54",221.40,717.11,,,,"     ",6.60,182.07,5.06
2708,637925312,"02708M21:01:12.259","02708 21:38:55",221.37,717.24,,,,"     ",6.60,182.39,5.06
2708,637925313,"02708M21:01:13.233","02708 21:38:56",221.33,717.16,,,,"     ",6.60,182.06,5.05
2708,637925314,"02708M21:01:14.206","02708 21:38:57",221.29,717.15,,,,"     ",6.60,182.12,5.04
2708,637925315,"02708M21:01:15.179","02708 21:38:58",221.26,717.16,,,,"     ",6.60,181.33,5.01
2708,637925316,"02708M21:01:16.152","02708 21:38:59",221.23,717.14,,,,"     ",6.60,180.93,4.99
2708,637925317,"02708M21:01:17.126","02708 21:39:00",221.21,717.17,,,,"     ",6.60,180.71,4.97
2708,637925318,"02708M21:01:18.099","02708 21:39:01",221.19,717.22,,,,"     ",6.60,180.60,4.96
2708,637925319,"02708M21:01:19.072","02708 21:39:02",221.17,717.16,,,,"     ",6.60,180.32,4.95
2708,637925320,"02708M21:01:20.045","02708 21:39:03",221.16,717.08,,,,"     ",6.60,179.52,4.92
2708,637925321,"02708M21:01:21.019","02708 21:39:04",221.16,716.99,,,,"     ",6.60,180.61,4.94
2708,637925322,"02708M21:01:21.992","02708 21:39:05",221.15,717.14,,,,"     ",6.60,179.95,4.91
2708,637925323,"02708M21:01:22.965","02708 21:39:06",221.16,716.96,,,,"     ",6.60,179.54,4.90
2708,637925324,"02708M21:01:23.938","02708 21:39:07",221.16,717.07,,,,"     ",6.60,180.94,4.93
2708,637925325,"02708M21:01:24.912","02708 21:39:08",221.17,716.99,,,,"     ",6.60,180.25,4.90
2708,637925326,"02708M21:01:25.885","02708 21:39:09",221.19,717.03,,,,"     ",6.60,181.06,4.92
2708,637925327,"02708M21:01:26.858","02708 21:39:10",221.21,717.02,,,,"     ",6.60,180.86,4.91
2708,637925328,"02708M21:01:27.832","02708 21:39:11",221.23,717.02,,,,"     ",6.60,180.71,4.90
2708,637928988,"02708M22:00:49.940","02708 22:38:33",217.26,727.75,,,,"     ",6.60,,
2708,637928989,"02708M22:00:50.913","02708 22:38:34",217.26,727.70,,,,"     ",6.60,124.60,5.72
2708,637928990,"02708M22:00:51.886","02708 22:38:35",217.27,727.73,,,,"     ",6.60,124.57,5.70
2708,637928991,"02708M22:00:52.860","02708 22:38:36",217.27,727.69,,,,"     ",6.60,125.66,5.74
2708,637928992,"02708M22:00:53.833","02708 22:38:37",217.27,727.76,,,,"     ",6.60,125.46,5.71
2708,637928993,"02708M22:00:54.806","02708 22:38:38",217.27,727.72,,,,"     ",6.60,125.07,5.68
2708,637928994,"02708M22:00:55.779","02708 22:38:39",217.28,727.75,,,,"     ",6.60,125.96,5.70
2708,637928995,"02708M22:00:56.753","02708 22:38:40",217.28,727.71,,,,"     ",6.60,126.54,5.72
2708,637928996,"02708M22:00:57.726","02708 22:38:41",217.28,727.79,,,,"     ",6.60,126.27,5.69
2708,637928997,"02708M22:00:58.699","02708 22:38:42",217.28,727.70,,,,"     ",6.60,126.10,5.67
2708,637928998,"02708M22:00:59.672","02708 22:38:43",217.28,727.74,,,,"     ",6.60,126.91,5.69
2708,637928999,"02708M22:01:00.646","02708 22:38:44",217.28,727.79,,,,"     ",6.60,126.64,5.67
2708,637929000,"02708M22:01:01.619","02708 22:38:45",217.28,727.75,,,,"     ",6.60,127.20,5.68
2708,637929001,"02708M22:01:02.592","02708 22:38:46",217.29,727.72,,,,"     ",6.60,127.80,5.69
2708,637929002,"02708M22:01:03.565","02708 22:38:47",217.28,727.75,,,,"     ",6.60,127.23,5.66
2708,637929003,"02708M22:01:04.539","02708 22:38:48",217.27,727.76,,,,"     ",6.60,126.68,5.62
2708,637929004,"02708M22:01:05.512","02708 22:38:49",217.27,727.83,,,,"     ",6.60,128.42,5.69
2708,637929005,"02708M22:01:06.485","02708 22:38:50",217.27,727.74,,,,"     ",6.60,128.25,5.67
2708,637929006,"02708M22:01:07.458","02708 22:38:51",217.30,727.67,,,,"     ",6.60,128.78,5.68
2708,637929007,"02708M22:01:08.432","02708 22:38:52",217.31,727.66,,,,"     ",6.60,128.31,5.65
2708,637929008,"02708M22:01:09.405","02708 22:38:53",217.32,727.80,,,,"     ",6.60,128.77,5.66
2708,637929009,"02708M22:01:10.378","02708 22:38:54",217.32,727.80,,,,"     ",6.60,128.88,5.65
2708,637929010,"02708M22:01:11.351","02708 22:38:55",217.32,727.71,,,,"     ",6.60,128.78,5.64
2708,637929011,"02708M22:01:12.325","02708 22:38:56",217.31,727.73,,,,"     ",6.60,129.61,5.66
2708,637929012,"02708M22:01:13.298","02708 22:38:57",217.30,727.75,,,,"     ",6.60,129.27,5.64
2708,637929013,"02708M22:01:14.271","02708 22:38:58",217.30,727.73,,,,"     ",6.60,129.87,5.66
2708,637929014,"02708M22:01:15.244","02708 22:38:59",217.29,727.70,,,,"     ",6.60,130.09,5.65
2708,637929015,"02708M22:01:16.218","02708 22:39:00",217.29,727.75,,,,"     ",6.60,130.22,5.65
2708,637929016,"02708M22:01:17.191","02708 22:39:01",217.28,727.71,,,,"     ",6.60,130.35,5.65
2708,637929017,"02708M22:01:18.164","02708 22:39:02",217.28,727.78,,,,"     ",6.60,130.13,5.63
2708,637929018,"02708M22:01:19.137","02708 22:39:03",217.27,727.77,,,,"     ",6.60,129.47,5.59
2708,637929019,"02708M22:01:20.111","02708 22:39:04",217.26,727.79,,,,"     ",6.60,129.54,5.59
2708,637929020,"02708M22:01:21.084","02708 22:39:05",217.26,727.80,,,,"     ",6.60,129.89,5.60
2708,637929021,"02708M22:01:22.057","02708 22:39:05",217.25,727.90,,,,"     ",6.60,130.48,5.61
2708,637929022,"02708M22:01:23.030","02708 22:39:06",217.24,727.89,,,,"     ",6.60,130.07,5.59
2708,637929023,"02708M22:01:24.004","02708 22:39:07",217.24,727.80,,,,"     ",6.60,130.48,5.60
2708,637929024,"02708M22:01:24.977","02708 22:39:08",217.23,727.80,,,,"     ",6.60,130.13,5.57
2708,637932704,"02708M23:01:06.550","02708 23:38:50",216.34,734.96,,,,"     ",6.60,,
2708,637932705,"02708M23:01:07.523","02708 23:38:51",216.38,734.94,,,,"     ",6.60,155.99,9.07
2708,637932706,"02708M23:01:08.497","02708 23:38:52",216.42,734.86,,,,"     ",6.60,156.29,9.07
2708,637932707,"02708M23:01:09.470","02708 23:38:53",216.45,734.97,,,,"     ",6.60,156.01,9.03
2708,637932708,"02708M23:01:10.443","02708 23:38:54",216.48,734.88,,,,"     ",6.60,155.85,8.99
2708,637932709,"02708M23:01:11.416","02708 23:38:55",216.51,734.83,,,,"     ",6.60,156.23,8.99
2708,637932710,"02708M23:01:12.390","02708 23:38:56",216.53,734.85,,,,"     ",6.60,156.00,8.96
2708,637932711,"02708M23:01:13.363","02708 23:38:57",216.55,734.88,,,,"     ",6.60,156.48,8.97
2708,637932712,"02708M23:01:14.336","02708 23:38:58",216.57,734.95,,,,"     ",6.60,155.37,8.88
2708,637932713,"02708M23:01:15.309","02708 23:38:59",216.58,734.81,,,,"     ",6.60,155.70,8.88
2708,637932714,"02708M23:01:16.283","02708 23:39:00",216.59,734.84,,,,"     ",6.60,154.74,8.80
2708,637932715,"02708M23:01:17.256","02708 23:39:01",216.60,734.88,,,,"     ",6.60,154.33,8.76
2708,637932716,"02708M23:01:18.229","02708 23:39:02",216.60,734.81,,,,"     ",6.60,154.32,8.74
2708,637932717,"02708M23:01:19.202","02708 23:39:03",216.60,734.75,,,,"     ",6.60,154.25,8.72
2708,637932718,"02708M23:01:20.176","02708 23:39:04",216.60,734.77,,,,"     ",6.60,154.53,8.71
2708,637932719,"02708M23:01:21.149","02708 23:39:05",216.60,734.81,,,,"     ",6.60,154.71,8.71
2708,637932720,"02708M23:01:22.122","02708 23:39:06",216.61,734.81,,,,"     ",6.60,154.26,8.66
2708,637932721,"02708M23:01:23.095","02708 23:39:07",216.62,734.84,,,,"     ",6.60,154.09,8.63
2708,637932722,"02708M23:01:24.069","02708 23:39:08",216.64,734.79,,,,"     ",6.60,153.79,8.60
2708,637932723,"02708M23:01:25.042","02708 23:39:09",216.65,734.83,,,,"     ",6.60,154.36,8.62
2708,637932724,"02708M23:01:26.015","02708 23:39:10",216.66,734.79,,,,"     ",6.60,154.56,8.61
2708,637932725,"02708M23:01:26.989","02708 23:39:11",216.66,734.76,,,,"     ",6.60,154.94,8.62
2708,637932726,"02708M23:01:27.962","02708 23:39:12",216.67,734.84,,,,"     ",6.60,154.28,8.57
2708,637932727,"02708M23:01:28.935","02708 23:39:13",216.66,734.81,,,,"     ",6.60,154.75,8.58
2708,637932728,"02708M23:01:29.908","02708 23:39:14",216.65,734.93,,,,"     ",6.60,154.16,8.53
2708,637932729,"02708M23:01:30.882","02708 23:39:15",216.63,734.90,,,,"     ",6.60,153.78,8.50
2708,637932730,"02708M23:01:31.855","02708 23:39:16",216.62,734.77,,,,"     ",6.60,154.04,8.50
2708,637932731,"02708M23:01:32.828","02708 23:39:17",216.60,734.84,,,,"     ",6.60,153.96,8.48
2708,637932732,"02708M23:01:33.801","02708 23:39:18",216.59,734.90,,,,"     ",6.60,153.82,8.46
2708,637932733,"02708M23:01:34.775","02708 23:39:18",216.58,734.86,,,,"     ",6.60,153.67,8.44
2708,637932734,"02708M23:01:35.748","02708 23:39:19",216.56,734.86,,,,"     ",6.60,154.24,8.46
2708,637932735,"02708M23:01:36.721","02708 23:39:20",216.55,734.86,,,,"     ",6.60,153.46,8.40
2708,637932736,"02708M23:01:37.694","02708 23:39:21",216.54,734.87,,,,"     ",6.60,154.12,8.43
2708,637932737,"02708M23:01:38.668","02708 23:39:22",216.52,734.89,,,,"     ",6.60,153.58,8.39
2708,637932738,"02708M23:01:39.641","02708 23:39:23",216.51,734.88,,,,"     ",6.60,153.70,8.38
2708,637932739,"02708M23:01:40.614","02708 23:39:24",216.50,734.91,,,,"     ",6.60,153.88,8.38
2708,637932740,"02708M23:01:41.587","02708 23:39:25",216.48,734.84,,,,"     ",6.60,154.20,8.38
